,dilution_cycle,species_label,preshift_nutrient_label,stall_biomass,entry_time_hr,exit_time_hr,lag_time_hr,nu_preshift,nu_postshift,K,lam_postshift,lam_preshift,alpha_2_preallocation
0,1,0,0,1.9350741927703096e+16,0.8270000000000001,27.20804329968101,26.381043299681007,10,1.0,1e-09,0.3591102319805767,1.8438869607625952,2.600887670402274e-06
0,1,0,0,1.935074531303156e+16,0.8270000000000001,18.676310641693128,17.849310641693126,10,1.4736842105263157,1e-09,0.5033384720998821,1.8438870060403938,2.6008876424778712e-06
0,1,0,0,1.9350748699686956e+16,0.8270000000000001,14.256581650557324,13.429581650557324,10,1.9473684210526314,1e-09,0.6327818233587517,1.8438870493630635,2.6008876340388e-06
0,1,0,0,1.9350752087341376e+16,0.8270000000000001,11.576412936250716,10.749412936250716,10,2.4210526315789473,1e-09,0.7512122166850617,1.8438870936132394,2.6008876253230904e-06
0,1,0,0,1.9350755472918464e+16,0.8270000000000001,9.778989700385065,8.951989700385065,10,2.894736842105263,1e-09,0.8601575186675481,1.8438871378441972,2.6008876170271553e-06
0,1,0,0,1.935075886326833e+16,0.8270000000000001,8.490389190111415,7.663389190111415,10,3.3684210526315788,1e-09,0.9608338151315892,1.8438871816584606,2.600887609454241e-06
0,1,0,0,1.9350762255497252e+16,0.8270000000000001,7.525150429251817,6.698150429251817,10,3.8421052631578947,1e-09,1.0542002897713563,1.8438872258032806,2.6008876007454134e-06
0,1,0,0,1.935076564857265e+16,0.8270000000000001,6.7726633889468895,5.9456633889468895,10,4.315789473684211,1e-09,1.1410718556314772,1.8438872696707191,2.600887591909047e-06
0,1,0,0,1.9350769043320536e+16,0.8270000000000001,6.171245240466362,5.344245240466362,10,4.789473684210526,1e-09,1.2221402228364011,1.8438873136777418,2.600887584029675e-06
0,1,0,0,1.9350772439243492e+16,0.8270000000000001,5.680336769506594,4.853336769506594,10,5.263157894736842,1e-09,1.2979828238072606,1.8438873576080403,2.6008875756571255e-06
0,1,0,0,1.9350775836485336e+16,0.8270000000000001,5.268367632820987,4.441367632820987,10,5.7368421052631575,1e-09,1.369116812684915,1.8438874015980735,2.6008875677295828e-06
0,1,0,0,1.9350779235217452e+16,0.8270000000000001,4.9267370332074085,4.099737033207409,10,6.2105263157894735,1e-09,1.435977812467516,1.8438874444746682,2.600887578562515e-06
0,1,0,0,1.935078263510949e+16,0.8270000000000001,4.629236676279342,3.8022366762793425,10,6.684210526315789,1e-09,1.498951347608783,1.8438874883562857,2.60088757078499e-06
0,1,0,0,1.9350786036542904e+16,0.8270000000000001,4.37216869434093,3.54516869434093,10,7.157894736842105,1e-09,1.558382724616002,1.8438875320770234,2.6008875618086992e-06
0,1,0,0,1.935078943918351e+16,0.8270000000000001,4.150227509439789,3.323227509439789,10,7.63157894736842,1e-09,1.6145537944507231,1.843887576675672,2.60088752186682e-06
0,1,0,0,1.935079284333799e+16,0.8270000000000001,3.95426907700229,3.12726907700229,10,8.105263157894736,1e-09,1.6677748809635307,1.8438876213120967,2.6008875255589997e-06
0,1,0,0,1.9350796248643196e+16,0.8270000000000001,3.7778228217152985,2.9508228217152985,10,8.578947368421051,1e-09,1.7181971119260748,1.8438876652141376,2.600887516737314e-06
0,1,0,0,1.9350799655683156e+16,0.8270000000000001,3.6230188907614607,2.7960188907614607,10,9.052631578947368,1e-09,1.7661069549288029,1.8438877091784356,2.6008875088331687e-06
0,1,0,0,1.9350803063903384e+16,0.8270000000000001,3.483118137092895,2.656118137092895,10,9.526315789473683,1e-09,1.8116896545124264,1.843887752534122,2.6008874881729276e-06
0,1,0,0,1.9350806473666744e+16,0.8270000000000001,3.3567050985966653,2.5297050985966654,10,10.0,1e-09,1.8550951866938992,1.8438877971095031,2.6008874920995385e-06
0,1,0,0,1.93507556093298e+16,0.8270000000000001,24.80319592523397,23.97619592523397,10,1.0,2.9763514416313133e-09,0.35940309573756424,1.8438851914107102,7.741113343670122e-06
0,1,0,0,1.9350765486182376e+16,0.8270000000000001,17.038249465289045,16.211249465289043,10,1.4736842105263157,2.9763514416313133e-09,0.5034814558767738,1.8438853229477636,7.741113249630103e-06
0,1,0,0,1.9350775369005548e+16,0.8270000000000001,13.012552518451475,12.185552518451475,10,1.9473684210526314,2.9763514416313133e-09,0.6327820291535333,1.843885453489788,7.741113207771026e-06
0,1,0,0,1.9350785257933508e+16,0.8270000000000001,10.573627758262344,9.746627758262344,10,2.4210526315789473,2.9763514416313133e-09,0.7512115948193367,1.8438855844172146,7.741113121214001e-06
0,1,0,0,1.935079515385401e+16,0.8270000000000001,8.938141249875857,8.111141249875857,10,2.894736842105263,2.9763514416313133e-09,0.8601620148784086,1.8438857153410184,7.741113048049386e-06
0,1,0,0,1.9350805055596436e+16,0.8270000000000001,7.7730935785739375,6.9460935785739375,10,3.3684210526315788,2.9763514416313133e-09,0.9608346842057901,1.8438858461600276,7.74111297383327e-06
0,1,0,0,1.935081499207179e+16,0.8270000000000001,6.892366309150754,6.065366309150754,10,3.8421052631578947,2.9763514416313133e-09,1.0542005499726288,1.843885976932567,7.741112899291887e-06
0,1,0,0,1.935082490733483e+16,0.8270000000000001,6.213102202657247,5.386102202657247,10,4.315789473684211,2.9763514416313133e-09,1.1410776556421625,1.843886107807138,7.741112825868527e-06
0,1,0,0,1.935083482929387e+16,0.8270000000000001,5.664630917685216,4.837630917685216,10,4.789473684210526,2.9763514416313133e-09,1.2221342541326046,1.8438862383169,7.741112762972556e-06
0,1,0,0,1.935084475779191e+16,0.8270000000000001,5.219266391368499,4.392266391368499,10,5.263157894736842,2.9763514416313133e-09,1.297976735196493,1.8438863687264984,7.741112676868798e-06
0,1,0,0,1.9350854692953124e+16,0.8270000000000001,4.847176919695276,4.020176919695276,10,5.7368421052631575,2.9763514416313133e-09,1.3691169039963873,1.8438865006140754,7.741112583589418e-06
0,1,0,0,1.935086463414136e+16,0.8270000000000001,4.5351883935910795,3.7081883935910795,10,6.2105263157894735,2.9763514416313133e-09,1.4359714000114945,1.8438866311575892,7.741112521249479e-06
0,1,0,0,1.9350874583023624e+16,0.8270000000000001,4.265070749414839,3.4380707494148393,10,6.684210526315789,2.9763514416313133e-09,1.498950994688599,1.8438867617915458,7.741112455710994e-06
0,1,0,0,1.935088453739344e+16,0.8270000000000001,4.033390437088997,3.206390437088997,10,7.157894736842105,2.9763514416313133e-09,1.558376333747871,1.843886892590378,7.74111238158755e-06
0,1,0,0,1.935089449836092e+16,0.8270000000000001,3.8311025620173456,3.0041025620173456,10,7.63157894736842,2.9763514416313133e-09,1.614552441137367,1.8438870231175604,7.741112319757303e-06
0,1,0,0,1.935090446587758e+16,0.8270000000000001,3.6514723329683223,2.8244723329683223,10,8.105263157894736,2.9763514416313133e-09,1.6677477712367292,1.8438871539518276,7.741112245128754e-06
0,1,0,0,1.935091443992588e+16,0.8270000000000001,3.4935006088817526,2.6665006088817527,10,8.578947368421051,2.9763514416313133e-09,1.7181992127361876,1.8438872843335656,7.741112170229073e-06
0,1,0,0,1.935092441794849e+16,0.8270000000000001,3.3528330469514964,2.5258330469514965,10,9.052631578947368,2.9763514416313133e-09,1.766117068721321,1.8438874154089835,7.741112096532283e-06
0,1,0,0,1.935093440552765e+16,0.8270000000000001,3.22604973135648,2.39904973135648,10,9.526315789473683,2.9763514416313133e-09,1.8116927049316152,1.8438875461160829,7.741112010612492e-06
0,1,0,0,1.9350944398894532e+16,0.8270000000000001,3.111371358053855,2.284371358053855,10,10.0,2.9763514416313133e-09,1.8550984611553734,1.8438876776012494,7.741111949341943e-06
0,1,0,0,1.935079505542579e+16,0.8270000000000001,22.423892212956517,21.596892212956515,10,1.0,8.858667904100832e-09,0.3596648024022947,1.8438807797697092,2.303990435333895e-05
0,1,0,0,1.935082367851833e+16,0.8270000000000001,15.414547654751503,14.587547654751504,10,1.4736842105263157,8.858667904100832e-09,0.5033372033745944,1.8438811687354402,2.3039903716381064e-05
0,1,0,0,1.935085230178293e+16,0.8270000000000001,11.781640976160551,10.954640976160551,10,1.9473684210526314,8.858667904100832e-09,0.6327817149540054,1.843881558433732,2.3039903041406295e-05
0,1,0,0,1.935088095297706e+16,0.8270000000000001,9.586173152234547,8.759173152234547,10,2.4210526315789473,8.858667904100832e-09,0.7512120047652101,1.8438819478393456,2.303990239761182e-05
0,1,0,0,1.9350909630799256e+16,0.8270000000000001,8.11278592438476,7.28578592438476,10,2.894736842105263,8.858667904100832e-09,0.860163565467377,1.8438823369257944,2.3039901729108918e-05
0,1,0,0,1.9350938334769604e+16,0.8270000000000001,7.058841765972891,6.231841765972891,10,3.3684210526315788,8.858667904100832e-09,0.960833059161493,1.8438827264752014,2.303990108672103e-05
0,1,0,0,1.935096706426353e+16,0.8270000000000001,6.269108670958121,5.442108670958121,10,3.8421052631578947,8.858667904100832e-09,1.0541943458503804,1.8438831156983042,2.3039900418361722e-05
0,1,0,0,1.9350995822987024e+16,0.8270000000000001,5.652356685011862,4.825356685011862,10,4.315789473684211,8.858667904100832e-09,1.1410730276607746,1.843883505053384,2.3039899762559405e-05
0,1,0,0,1.9351024609135064e+16,0.8270000000000001,5.163252275812551,4.3362522758125515,10,4.789473684210526,8.858667904100832e-09,1.222138673718796,1.8438838942714535,2.3039899105441795e-05
0,1,0,0,1.9351053422227892e+16,0.8270000000000001,4.758592034120166,3.9315920341201664,10,5.263157894736842,8.858667904100832e-09,1.29797952581227,1.8438842836827916,2.3039898451279578e-05
0,1,0,0,1.9351082263918092e+16,0.8270000000000001,4.427270209605414,3.600270209605414,10,5.7368421052631575,8.858667904100832e-09,1.3691170405757387,1.843884672205439,2.3039897825635412e-05
0,1,0,0,1.935111112866056e+16,0.8270000000000001,4.146018699678182,3.319018699678182,10,6.2105263157894735,8.858667904100832e-09,1.4359686124867386,1.8438850618449303,2.303989714861178e-05
0,1,0,0,1.9351140025368904e+16,0.8270000000000001,3.9044820553761364,3.0774820553761364,10,6.684210526315789,8.858667904100832e-09,1.4989514909681427,1.843885451652192,2.3039896483907492e-05
0,1,0,0,1.935116894919146e+16,0.8270000000000001,3.6971045630511146,2.8701045630511146,10,7.157894736842105,8.858667904100832e-09,1.5583714939530575,1.8438858407747767,2.3039895847174858e-05
0,1,0,0,1.9351197901922904e+16,0.8270000000000001,3.513469257373047,2.686469257373047,10,7.63157894736842,8.858667904100832e-09,1.6145197974867336,1.8438862301646233,2.3039895171407338e-05
0,1,0,0,1.9351226859041664e+16,0.8270000000000001,3.354236972380009,2.527236972380009,10,8.105263157894736,8.858667904100832e-09,1.6677489324062114,1.843886619067934,2.303989454641325e-05
0,1,0,0,1.935125587370772e+16,0.8270000000000001,3.21323588391242,2.3862358839124203,10,8.578947368421051,8.858667904100832e-09,1.7181853867068495,1.8438870082109324,2.3039893858567693e-05
0,1,0,0,1.935128490103331e+16,0.8270000000000001,3.084724122191798,2.257724122191798,10,9.052631578947368,8.858667904100832e-09,1.7661166372808963,1.8438873982470927,2.303989322490882e-05
0,1,0,0,1.9351313965006236e+16,0.8270000000000001,2.9726304207393754,2.1456304207393755,10,9.526315789473683,8.858667904100832e-09,1.811707067486368,1.843887787552542,2.303989254876648e-05
0,1,0,0,1.9351343076573624e+16,0.8270000000000001,2.8697835664769,2.0427835664769,10,10.0,8.858667904100832e-09,1.8550990243555716,1.8438881763239716,2.3039891911980633e-05
0,1,0,0,1.9350907729169376e+16,0.8270000000000001,20.06696369102019,19.23996369102019,10,1.0,2.6366508987303555e-08,0.3598180739725123,1.8438665877076732,6.857155798076105e-05
0,1,0,0,1.9350989807546776e+16,0.8270000000000001,13.813247713864868,12.986247713864868,10,1.4736842105263157,2.6366508987303555e-08,0.503337752905958,1.8438677469103553,6.85715521692578e-05
0,1,0,0,1.9351071990144484e+16,0.8270000000000001,10.574729453164139,9.747729453164139,10,1.9473684210526314,2.6366508987303555e-08,0.6327821198259811,1.8438689053745017,6.857154637829596e-05
0,1,0,0,1.935115428163416e+16,0.8270000000000001,8.613373093715758,7.786373093715758,10,2.4210526315789473,2.6366508987303555e-08,0.751211386140279,1.8438700641406005,6.85715405511161e-05
0,1,0,0,1.935123668099816e+16,0.8270000000000001,7.295429452261677,6.468429452261677,10,2.894736842105263,2.6366508987303555e-08,0.8601634450889882,1.8438712233778145,6.85715347658086e-05
0,1,0,0,1.9351319190178596e+16,0.8270000000000001,6.355278657329328,5.528278657329328,10,3.3684210526315788,2.6366508987303555e-08,0.9608110970029461,1.8438723822631964,6.857152895903389e-05
0,1,0,0,1.935140175628705e+16,0.8270000000000001,5.64992290123678,4.8229229012367805,10,3.8421052631578947,2.6366508987303555e-08,1.0542002512592945,1.8438735405169557,6.857152314407655e-05
0,1,0,0,1.935148445628868e+16,0.8270000000000001,5.100293499788895,4.273293499788895,10,4.315789473684211,2.6366508987303555e-08,1.1410732525419414,1.8438746993406778,6.857151733911215e-05
0,1,0,0,1.9351567279531196e+16,0.8270000000000001,4.666382355247012,3.839382355247012,10,4.789473684210526,2.6366508987303555e-08,1.2221396719390571,1.8438758580038834,6.857151152869663e-05
0,1,0,0,1.9351650210937644e+16,0.8270000000000001,4.3106775433558155,3.4836775433558156,10,5.263157894736842,2.6366508987303555e-08,1.2979767861550362,1.8438770170752627,6.857150572438827e-05
0,1,0,0,1.935173322839851e+16,0.8270000000000001,4.009795915661842,3.182795915661842,10,5.7368421052631575,2.6366508987303555e-08,1.3691056967213076,1.8438781754439328,6.857149989235415e-05
0,1,0,0,1.9351816342504816e+16,0.8270000000000001,3.7610517876222316,2.9340517876222316,10,6.2105263157894735,2.6366508987303555e-08,1.4359772305421896,1.8438793345083064,6.85714940866213e-05
0,1,0,0,1.935189960616831e+16,0.8270000000000001,3.5453121928470406,2.7183121928470406,10,6.684210526315789,2.6366508987303555e-08,1.498949809946476,1.8438804931351307,6.85714882963591e-05
0,1,0,0,1.9351982931678492e+16,0.8270000000000001,3.363426436674477,2.536426436674477,10,7.157894736842105,2.6366508987303555e-08,1.5583766711575073,1.8438816515816656,6.857148248792318e-05
0,1,0,0,1.9352066417912376e+16,0.8270000000000001,3.200387189865256,2.373387189865256,10,7.63157894736842,2.6366508987303555e-08,1.6145532174283825,1.8438828104912066,6.857147668066951e-05
0,1,0,0,1.935214994538689e+16,0.8270000000000001,3.058613871089145,2.231613871089145,10,8.105263157894736,2.6366508987303555e-08,1.6677321197283757,1.843883969145754,6.857147087331859e-05
0,1,0,0,1.935223361672388e+16,0.8270000000000001,2.932804162856332,2.105804162856332,10,8.578947368421051,2.6366508987303555e-08,1.7181993176410446,1.8438851282798532,6.857146506480283e-05
0,1,0,0,1.9352317397389348e+16,0.8270000000000001,2.819696230168486,1.992696230168486,10,9.052631578947368,2.6366508987303555e-08,1.766116565335375,1.8438862867147834,6.857145925527826e-05
0,1,0,0,1.935240128064097e+16,0.8270000000000001,2.720143541236414,1.8931435412364142,10,9.526315789473683,2.6366508987303555e-08,1.8116936034408382,1.8438874457020482,6.857145344829205e-05
0,1,0,0,1.935248528389473e+16,0.8270000000000001,2.6288422860390246,1.8018422860390246,10,10.0,2.6366508987303555e-08,1.8550966930507395,1.8438886040190587,6.857144763818024e-05
0,1,0,0,1.93512259916042e+16,0.8270000000000001,17.74165222657236,16.914652226572358,10,1.0,7.847599703514607e-08,0.3598509551649077,1.8438357200779734,0.00020385731223618924
0,1,0,0,1.9351459236933364e+16,0.8270000000000001,12.247140588585767,11.420140588585767,10,1.4736842105263157,7.847599703514607e-08,0.5033343176062012,1.8438391630438553,0.0002038572612573535
0,1,0,0,1.935169287417339e+16,0.8270000000000001,9.376204555338951,8.549204555338951,10,1.9473684210526314,7.847599703514607e-08,0.6327816095786724,1.8438426085427777,0.00020385721031835013
0,1,0,0,1.93519268847695e+16,0.8270000000000001,7.645737990233475,6.818737990233475,10,2.4210526315789473,7.847599703514607e-08,0.7512106001202673,1.8438460514685504,0.000203857159340102
0,1,0,0,1.9352161266068044e+16,0.8270000000000001,6.489484918835755,5.662484918835755,10,2.894736842105263,7.847599703514607e-08,0.8601631901900814,1.8438398424456588,0.000204015880734477
0,1,0,0,1.9352395995797584e+16,0.8270000000000001,5.669347868000666,4.842347868000666,10,3.3684210526315788,7.847599703514607e-08,0.9608346588390727,1.84384329113994,0.00020401582947512283
0,1,0,0,1.935263116840541e+16,0.8270000000000001,5.04172460544439,4.21472460544439,10,3.8421052631578947,7.847599703514607e-08,1.054200164913131,1.8438467401359244,0.0002040157781778314
0,1,0,0,1.935286666740397e+16,0.8270000000000001,4.5621361038300865,3.7351361038300865,10,4.315789473684211,7.847599703514607e-08,1.1410725153380095,1.8438572029522244,0.00020390430608552325
0,1,0,0,1.935310262610907e+16,0.8270000000000001,4.180240359545376,3.353240359545376,10,4.789473684210526,7.847599703514607e-08,1.2221410012255032,1.8438606438235268,0.00020390425493655576
0,1,0,0,1.935333888689027e+16,0.8270000000000001,3.8657675204883826,3.0387675204883826,10,5.263157894736842,7.847599703514607e-08,1.2979837734328497,1.8438640867981126,0.00020390420384356746
0,1,0,0,1.9353575527871452e+16,0.8270000000000001,3.6064008924822852,2.7794008924822853,10,5.7368421052631575,7.847599703514607e-08,1.3691114005129827,1.8438675294383378,0.00020390415269868706
0,1,0,0,1.935381255160056e+16,0.8270000000000001,3.3851090258961154,2.5581090258961154,10,6.2105263157894735,7.847599703514607e-08,1.4359773670430749,1.8438709745330348,0.00020390410161285762
0,1,0,0,1.935404996243796e+16,0.8270000000000001,3.1989238675225677,2.371923867522568,10,6.684210526315789,7.847599703514607e-08,1.4989539124616786,1.843864787874428,0.00020406320129327034
0,1,0,0,1.9354287756522576e+16,0.8270000000000001,3.0354662359137703,2.2084662359137703,10,7.157894736842105,7.847599703514607e-08,1.5583746792210194,1.8438682391937093,0.00020406314988617873
0,1,0,0,1.9354525935281996e+16,0.8270000000000001,2.8967034700889034,2.0697034700889034,10,7.63157894736842,7.847599703514607e-08,1.6145514145309305,1.8438716875523737,0.00020406309845767998
0,1,0,0,1.9354764580823424e+16,0.8270000000000001,2.7704266001227107,1.9434266001227107,10,8.105263157894736,7.847599703514607e-08,1.6677426454155897,1.8438751356400969,0.00020406304702312044
0,1,0,0,1.935500352628281e+16,0.8270000000000001,2.6595231479215626,1.8325231479215627,10,8.578947368421051,7.847599703514607e-08,1.7181989971511344,1.8438785815872962,0.00020406299555477203
0,1,0,0,1.9355242668191028e+16,0.8270000000000001,2.563503737376491,1.7365037373764909,10,9.052631578947368,7.847599703514607e-08,1.7661232790657801,1.8438820325114522,0.0002040629441698133
0,1,0,0,1.9355482561387524e+16,0.8270000000000001,2.474856210014236,1.6478562100142362,10,9.526315789473683,7.847599703514607e-08,1.811688396067573,1.8438854783224272,0.00020406289271152848
0,1,0,0,1.935572275645568e+16,0.8270000000000001,2.3948795162744223,1.5678795162744223,10,10.0,7.847599703514607e-08,1.8551055582990976,1.843888928982118,0.00020406284134287352
0,1,0,0,1.93521138552024e+16,0.8270000000000001,15.500715517776444,14.673715517776444,10,1.0,2.3357214690901212e-07,0.35988224053190915,1.843736328781854,0.0006051466053792341
0,1,0,0,1.935276906740344e+16,0.8270000000000001,10.702403769518037,9.875403769518037,10,1.4736842105263157,2.3357214690901212e-07,0.5033359743911888,1.84373681703791,0.0006056115173986245
0,1,0,0,1.9353425539116304e+16,0.8270000000000001,8.217821505799751,7.390821505799751,10,1.9473684210526314,2.3357214690901212e-07,0.6327802394038385,1.8437542519807921,0.0006052802299792845
0,1,0,0,1.935408320793107e+16,0.8270000000000001,6.718380152403493,5.891380152403493,10,2.4210526315789473,2.3357214690901212e-07,0.7512108213661663,1.8437547502648648,0.0006057462307612929
0,1,0,0,1.9354742081337944e+16,0.8270000000000001,5.709628600105189,4.882628600105189,10,2.894736842105263,2.3357214690901212e-07,0.8601630803721195,1.8437649814744137,0.000605745785113188
0,1,0,0,1.9355402231098704e+16,0.8270000000000001,4.992108117865676,4.165108117865676,10,3.3684210526315788,2.3357214690901212e-07,0.9608523491687263,1.8437752076820235,0.0006057453392231576
0,1,0,0,1.9356063612014776e+16,0.8270000000000001,4.457543711614537,3.6305437116145374,10,3.8421052631578947,2.3357214690901212e-07,1.0541978103434313,1.8437828922036414,0.0006058818245438722
0,1,0,0,1.9356726274120224e+16,0.8270000000000001,4.039719453244571,3.2127194532445706,10,4.315789473684211,2.3357214690901212e-07,1.1410706491037683,1.84379312026498,0.0006058813775972658
0,1,0,0,1.9357390141285976e+16,0.8270000000000001,3.705935752995236,2.878935752995236,10,4.789473684210526,2.3357214690901212e-07,1.222130243826423,1.843803348223831,0.0006058809306193102
0,1,0,0,1.9358054923710516e+16,0.8270000000000001,3.4341529396162533,2.6071529396162534,10,5.263157894736842,2.3357214690901212e-07,1.297983755710739,1.8438039069116987,0.0006063497060028065
0,1,0,0,1.9358721249092216e+16,0.8270000000000001,3.2068636655729326,2.3798636655729326,10,5.7368421052631575,2.3357214690901212e-07,1.3691226087016657,1.8438212334497912,0.0006060182995156028
0,1,0,0,1.9359389234862624e+16,0.8270000000000001,3.0203526778398686,2.1933526778398686,10,6.2105263157894735,2.3357214690901212e-07,1.4359551270244162,1.843821802599943,0.0006064881849747135
0,1,0,0,1.9360178736825824e+16,0.8280000000000001,2.857667631971834,2.029667631971834,10,6.684210526315789,2.3357214690901212e-07,1.4989553503914474,1.8438320466273126,0.0006064877340555133
0,1,0,0,1.9360728227228196e+16,0.8270000000000001,2.715844427454961,1.888844427454961,10,7.157894736842105,2.3357214690901212e-07,1.5583788857355927,1.8438422903862581,0.0006064872831773798
0,1,0,0,1.936139946417188e+16,0.8270000000000001,2.5969224399583712,1.7699224399583713,10,7.63157894736842,2.3357214690901212e-07,1.6145449218915477,1.843842890151022,0.0006069588677944933
0,1,0,0,1.93620722513735e+16,0.8270000000000001,2.4894251208062412,1.6624251208062413,10,8.105263157894736,2.3357214690901212e-07,1.6677503060899124,1.8438601601638491,0.0006066271030288925
0,1,0,0,1.9362746366185144e+16,0.8270000000000001,2.3926392902358,1.5656392902357998,10,8.578947368421051,2.3357214690901212e-07,1.7182005179162618,1.8438607721021116,0.0006070998125584345
0,1,0,0,1.9363421797010816e+16,0.8270000000000001,2.309797390392164,1.482797390392164,10,9.052631578947368,2.3357214690901212e-07,1.7661164251766457,1.8438710321476954,0.0006070993576984285
0,1,0,0,1.9364275849939936e+16,0.8280000000000001,2.2333567876200804,1.4053567876200803,10,9.526315789473683,2.3357214690901212e-07,1.8116926315796678,1.8438812919185703,0.0006070989027783802
0,1,0,0,1.9364963661441036e+16,0.8280000000000001,2.1664331174785056,1.3384331174785056,10,10.0,2.3357214690901212e-07,1.8550969460789695,1.8438819372118287,0.0006075733294913122
0,1,0,0,1.935459479761681e+16,0.8280000000000001,13.30941860231258,12.48141860231258,10,1.0,6.951927961775605e-07,0.3599036945375413,1.8434415278963374,0.0017874315303461424
0,1,0,0,1.935642938880267e+16,0.8280000000000001,9.220558474104676,8.392558474104677,10,1.4736842105263157,6.951927961775605e-07,0.5033317078562478,1.84345953421478,0.0017891011719929468
0,1,0,0,1.9358267238193136e+16,0.8280000000000001,7.097143792127613,6.269143792127613,10,1.9473684210526314,6.951927961775605e-07,0.6327803982846842,1.8434874778992978,0.0017894500948350514
0,1,0,0,1.936010939512824e+16,0.8280000000000001,5.80918224668095,4.98118224668095,10,2.4210526315789473,6.951927961775605e-07,0.7512089834149368,1.8435077266991657,0.0017907812943879966
0,1,0,0,1.9361952275516036e+16,0.8280000000000001,4.954672336740291,4.126672336740291,10,2.894736842105263,6.951927961775605e-07,0.8601625359288384,1.8435257839626813,0.0017924794967607012
0,1,0,0,1.936379953320399e+16,0.8280000000000001,4.340238376547801,3.512238376547801,10,3.3684210526315788,6.951927961775605e-07,0.9608339010994055,1.8435537266100375,0.0017928418614503382
0,1,0,0,1.936565308689379e+16,0.8280000000000001,3.885507934497748,3.057507934497748,10,3.8421052631578947,6.951927961775605e-07,1.0541967333341418,1.8435816487171495,0.001793207998918819
0,1,0,0,1.9367325791713228e+16,0.8270000000000001,3.5293096339701107,2.7023096339701107,10,4.315789473684211,6.951927961775605e-07,1.141072134368114,1.843602059322903,0.0017945576080720341
0,1,0,0,1.936915849347548e+16,0.8270000000000001,3.248137713546835,2.421137713546835,10,4.789473684210526,6.951927961775605e-07,1.2221332211779323,1.8436299792328192,0.0017949305957650336
0,1,0,0,1.9371231283607404e+16,0.8280000000000001,3.0190977115363933,2.1910977115363934,10,5.263157894736842,6.951927961775605e-07,1.297977427604463,1.8436480845999064,0.0017966718077372923
0,1,0,0,1.937310008659459e+16,0.8280000000000001,2.8279346144228907,1.9999346144228907,10,5.7368421052631575,6.951927961775605e-07,1.3691127231032716,1.8436759776375025,0.0017970555730059444
0,1,0,0,1.9374984750555696e+16,0.8280000000000001,2.6673230002447914,1.8393230002447913,10,6.2105263157894735,6.951927961775605e-07,1.4359761635368968,1.8436965491095054,0.0017984241198201675
0,1,0,0,1.937686281147877e+16,0.8280000000000001,2.529040740381951,1.701040740381951,10,6.684210526315789,6.951927961775605e-07,1.4989512830192036,1.8437244471459626,0.001798814912593673
0,1,0,0,1.937874430817071e+16,0.8280000000000001,2.4101507507830098,1.5821507507830097,10,7.157894736842105,6.951927961775605e-07,1.5583758960238285,1.8437523141984753,0.001799209596106672
0,1,0,0,1.9380630549095372e+16,0.8280000000000001,2.30757927213698,1.47957927213698,10,7.63157894736842,6.951927961775605e-07,1.6145464664861389,1.843763295447819,0.0018019781243776723
0,1,0,0,1.938252151263723e+16,0.8280000000000001,2.2123072138467426,1.3843072138467425,10,8.105263157894736,6.951927961775605e-07,1.667747570469175,1.8437911924603099,0.0018023832037050826
0,1,0,0,1.938441681318672e+16,0.8280000000000001,2.1374480982661486,1.3094480982661485,10,8.578947368421051,6.951927961775605e-07,1.7181925560673115,1.8438190637656653,0.0018027922414486262
0,1,0,0,1.938631468954307e+16,0.8280000000000001,2.065955106731697,1.237955106731697,10,9.052631578947368,6.951927961775605e-07,1.766117045920919,1.8438398858609628,0.0018041885632391504
0,1,0,0,1.93882177728518e+16,0.8280000000000001,2.0015232561785306,1.1735232561785305,10,9.526315789473683,6.951927961775605e-07,1.8116928080535621,1.843867756545612,0.001804604888090567
0,1,0,0,1.939012501138104e+16,0.8280000000000001,1.9449254721559028,1.1169254721559028,10,10.0,6.951927961775605e-07,1.855074443455437,1.843895598679436,0.001805025219291111
0,1,0,0,1.936130238957581e+16,0.8290000000000001,11.214431981734373,10.385431981734373,10,1.0,2.06913808111479e-06,0.3598794849393729,0.3598794849393729,1.0
0,1,0,0,1.9366328149660548e+16,0.8290000000000001,7.795601051051527,6.966601051051527,10,1.4736842105263157,2.06913808111479e-06,0.5032751931313996,1.8426569662037948,0.005213620045146348
0,1,0,0,1.9371362369890024e+16,0.8290000000000001,6.018940121599873,5.189940121599873,10,1.9473684210526314,2.06913808111479e-06,0.6327760561630553,1.8427078337853426,0.005226396112401399
0,1,0,0,1.9376407448464256e+16,0.8290000000000001,4.947369764719559,4.118369764719559,10,2.4210526315789473,2.06913808111479e-06,0.751208950476117,1.8427793277117066,0.005232649593877797
0,1,0,0,1.9381463511922268e+16,0.8290000000000001,4.2295151402525635,3.4005151402525633,10,2.894736842105263,2.06913808111479e-06,0.8601582044044209,1.8428503900106856,0.0052392166487059905
0,1,0,0,1.9386530514680012e+16,0.8290000000000001,3.7184003803369787,2.8894003803369785,10,3.3684210526315788,2.06913808111479e-06,0.9608324338436554,1.8429121363849827,0.0052490115907478894
0,1,0,0,1.939160909628082e+16,0.8290000000000001,3.33415922090067,2.5051592209006697,10,3.8421052631578947,2.06913808111479e-06,1.0541970581846618,1.8429927583443348,0.005252568131053013
0,1,0,0,1.9396698140174644e+16,0.8290000000000001,3.0424642730608493,2.213464273060849,10,4.315789473684211,2.06913808111479e-06,1.1410712884156864,1.8430557154738532,0.005262156784141494
0,1,0,0,1.940229284018846e+16,0.8300000000000001,2.805091317803034,1.975091317803034,10,4.789473684210526,2.06913808111479e-06,1.2221366807136467,1.8431271710463148,0.005269075199629817
0,1,0,0,1.940690907988243e+16,0.8290000000000001,2.616336404251204,1.7873364042512039,10,5.263157894736842,2.06913808111479e-06,1.297978155128168,1.8431901165821178,0.005279122279807647
0,1,0,0,1.9412632655696692e+16,0.8300000000000001,2.4586604856593426,1.6286604856593425,10,5.7368421052631575,2.06913808111479e-06,1.3691103782775271,1.8432632258271102,0.005285587430382966
0,1,0,0,1.9417819176912096e+16,0.8300000000000001,2.327473168849586,1.4974731688495861,10,6.2105263157894735,2.06913808111479e-06,1.4359706633742442,1.8433262575101357,0.005296065506719062
0,1,0,0,1.9423018765020508e+16,0.8300000000000001,2.213103007006296,1.3831030070062957,10,6.684210526315789,2.06913808111479e-06,1.4989398576594706,1.8433993427937916,0.005302882449687455
0,1,0,0,1.942823065829118e+16,0.8300000000000001,2.1144870527557416,1.2844870527557415,10,7.157894736842105,2.06913808111479e-06,1.5583756865132745,1.8434646568333906,0.005312756558759153
0,1,0,0,1.9433454444640732e+16,0.8300000000000001,2.0284847857761235,1.1984847857761234,10,7.63157894736842,2.06913808111479e-06,1.6145527058333535,1.8435476166227125,0.0053159175954417106
0,1,0,0,1.943955707513829e+16,0.8310000000000001,1.9564167845237779,1.125416784523778,10,8.105263157894736,2.06913808111479e-06,1.6677441050971513,1.843613118986004,0.005326080385496299
0,1,0,0,1.9443936456011784e+16,0.8300000000000001,1.8897855581414222,1.0597855581414222,10,8.578947368421051,2.06913808111479e-06,1.7181961600353157,1.8436787923146631,0.005336417777389004
0,1,0,0,1.9447207006285936e+16,0.8280000000000001,1.830853477199534,1.0028534771995339,10,9.052631578947368,2.06913808111479e-06,1.7661139775485788,1.843754362773927,0.005342825827431668
0,1,0,0,1.945552871461565e+16,0.8310000000000001,1.7806420708872657,0.9496420708872656,10,9.526315789473683,2.06913808111479e-06,1.811708482674836,1.8438299894158003,0.005349332894390138
0,1,0,0,1.945971083523315e+16,0.8300000000000001,1.732047244238768,0.9020472442387679,10,10.0,2.06913808111479e-06,1.8550976510019768,1.8438960923216656,0.005360117244311474
0,1,0,0,1.9379559357953944e+16,0.833,9.223134324081183,8.390134324081183,10,1.0,6.158482110660255e-06,0.36000278838508204,0.36000278838508204,1.0
0,1,0,0,1.9392885799629588e+16,0.8320000000000001,6.443691230100377,5.611691230100377,10,1.4736842105263157,6.158482110660255e-06,0.5033147785016809,0.4676525828128152,1.0
0,1,0,0,1.9406920319156964e+16,0.833,4.994444527909429,4.1614445279094285,10,1.9473684210526314,6.158482110660255e-06,0.6327711757295149,0.5580778567268103,1.0000203965372025
0,1,0,0,1.942065492816991e+16,0.833,4.121870323675209,3.2888703236752086,10,2.4210526315789473,6.158482110660255e-06,0.7512039460817879,0.7512039460817879,1.0
0,1,0,0,1.9434413140307256e+16,0.833,3.541406157811605,2.7084061578116048,10,2.894736842105263,6.158482110660255e-06,0.8601576549558,0.8601576549558,1.0
0,1,0,0,1.944897455348415e+16,0.834,3.128938113317907,2.2949381133179068,10,3.3684210526315788,6.158482110660255e-06,0.9608290011445647,0.9608290011445647,1.0
0,1,0,0,1.946201329911568e+16,0.833,2.821470044237798,1.988470044237798,10,3.8421052631578947,6.158482110660255e-06,1.0541974148196935,1.0541974148196935,1.0
0,1,0,0,1.9476860263250324e+16,0.834,2.582480396280113,1.748480396280113,10,4.315789473684211,6.158482110660255e-06,1.141068341973403,1.141068341973403,1.0
0,1,0,0,1.949310893321818e+16,0.836,2.3930237738871005,1.5570237738871007,10,4.789473684210526,6.158482110660255e-06,1.2221352025672116,1.2221352025672116,1.0
0,1,0,0,1.950608508239188e+16,0.835,2.239997919909616,1.4049979199096159,10,5.263157894736842,6.158482110660255e-06,1.297992887017665,1.297992887017665,1.0
0,1,0,0,1.9517496700072256e+16,0.833,2.1124806905770734,1.2794806905770735,10,5.7368421052631575,6.158482110660255e-06,1.3691147215938766,1.3691147215938766,1.0
0,1,0,0,1.9532938711884456e+16,0.834,2.0077405778112114,1.1737405778112113,10,6.2105263157894735,6.158482110660255e-06,1.4359693510852423,1.4359693510852423,1.0000386334072247
0,1,0,0,1.954539241702921e+16,0.833,1.9165073509104213,1.0835073509104214,10,6.684210526315789,6.158482110660255e-06,1.4989488112448093,1.4989488112448093,1.0
0,1,0,0,1.9562897240662692e+16,0.835,1.8381025267554052,1.0031025267554052,10,7.157894736842105,6.158482110660255e-06,1.5583738773798317,1.842678863548491,0.015407734307667939
0,1,0,0,1.9573350944291536e+16,0.833,1.7694771881214315,0.9364771881214315,10,7.63157894736842,6.158482110660255e-06,1.6145459163084384,1.8428795120540713,0.015473817381883984
0,1,0,0,1.958738448863671e+16,0.833,1.7102730353891173,0.8772730353891174,10,8.105263157894736,6.158482110660255e-06,1.6677462430844514,1.8430824599371087,0.015540823288461257
0,1,0,0,1.9605774578673136e+16,0.835,1.6582842956364416,0.8232842956364417,10,8.578947368421051,6.158482110660255e-06,1.7181940221297243,1.843288329634961,0.015608262021090818
0,1,0,0,1.9624751695802624e+16,0.837,1.6133762414219364,0.7763762414219364,10,9.052631578947368,6.158482110660255e-06,1.7661143583145298,1.8434963398104032,0.015677350924236853
0,1,0,0,1.9629780122426464e+16,0.833,1.572799016886194,0.7397990168861941,10,9.526315789473683,6.158482110660255e-06,1.8116894148669904,1.8437093703792191,0.015743817570072
0,1,0,0,1.963626193253664e+16,0.8300000000000001,1.5343038127651742,0.7043038127651742,10,10.0,6.158482110660255e-06,1.8550969657843281,1.8439232974869273,0.015813465707216312
0,1,0,0,1.9429040560124904e+16,0.845,7.368167939928325,6.523167939928325,10,1.0,1.8329807108324338e-05,0.3600540073865174,0.3600540073865174,1.0
0,1,0,0,1.9466229622051444e+16,0.845,5.179055237787345,4.334055237787346,10,1.4736842105263157,1.8329807108324338e-05,0.5032897807024526,0.47011254899046095,1.0
0,1,0,0,1.950632062929907e+16,0.848,4.038702780754947,3.190702780754947,10,1.9473684210526314,1.8329807108324338e-05,0.6327599706760217,0.5620438661457992,1.0000185945937459
0,1,0,0,1.954192915122908e+16,0.846,3.3545883054192194,2.5085883054192193,10,2.4210526315789473,1.8329807108324338e-05,0.7511969515912565,0.7511969515912565,1.0
0,1,0,0,1.9579543309810892e+16,0.846,2.899930994125069,2.0539309941250687,10,2.894736842105263,1.8329807108324338e-05,0.8601516490959119,0.8601516490959119,1.0000101172426703
0,1,0,0,1.9612322223645492e+16,0.843,2.5818440596161736,1.7388440596161736,10,3.3684210526315788,1.8329807108324338e-05,0.9608247355127246,0.9608247355127246,1.0
0,1,0,0,1.9647174409407304e+16,0.842,2.339526274846028,1.4975262748460278,10,3.8421052631578947,1.8329807108324338e-05,1.0541904317974737,1.0541904317974737,1.0
0,1,0,0,1.9690470506487464e+16,0.845,2.1577106421987278,1.3127106421987278,10,4.315789473684211,1.8329807108324338e-05,1.14106547563497,1.14106547563497,1.0000178202417302
0,1,0,0,1.9730420930663772e+16,0.846,2.0081271092036057,1.1621271092036056,10,4.789473684210526,1.8329807108324338e-05,1.2221300303107583,1.2221300303107583,1.0
0,1,0,0,1.9760064787564588e+16,0.843,1.8911470226452658,1.0481470226452658,10,5.263157894736842,1.8329807108324338e-05,1.2979795950276227,1.2979795950276227,1.0
0,1,0,0,1.9818228319760028e+16,0.85,1.7976882972005939,0.9476882972005939,10,5.7368421052631575,1.8329807108324338e-05,1.369107325184849,1.369107325184849,1.0
0,1,0,0,1.98606036481638e+16,0.851,1.7145664161250842,0.8635664161250842,10,6.2105263157894735,1.8329807108324338e-05,1.4359698208683398,1.4359698208683398,1.0000066020898803
0,1,0,0,1.9885526380440624e+16,0.847,1.6451786321527981,0.7981786321527982,10,6.684210526315789,1.8329807108324338e-05,1.498949797545685,1.498949797545685,1.0000059651593745
0,1,0,0,1.992437500778998e+16,0.847,1.5850999251451952,0.7380999251451952,10,7.157894736842105,1.8329807108324338e-05,1.5583757136795329,1.5583757136795329,1.0000077991356053
0,1,0,0,1.9937430383709816e+16,0.841,1.5337616389172934,0.6927616389172935,10,7.63157894736842,1.8329807108324338e-05,1.6145422996001153,1.6145422996001153,1.0000131308178957
0,1,0,0,1.997403234999537e+16,0.841,1.48946245161031,0.6484624516103101,10,8.105263157894736,1.8329807108324338e-05,1.6677431495002226,1.6677431495002226,1.0000134957700877
0,1,0,0,2.0015205094993624e+16,0.842,1.450800489018346,0.6088004890183459,10,8.578947368421051,1.8329807108324338e-05,1.7181929463525756,1.7181929463525756,1.0
0,1,0,0,2.004731504494024e+16,0.841,1.4162756041296776,0.5752756041296776,10,9.052631578947368,1.8329807108324338e-05,1.7661118627351586,1.842759294948125,0.04479824664114344
0,1,0,0,2.0105178939459424e+16,0.845,1.3860994086528833,0.5410994086528833,10,9.526315789473683,1.8329807108324338e-05,1.8116786562854548,1.843368812117295,0.045330536402697415
0,1,0,0,2.013164978300195e+16,0.843,1.3588006807773052,0.5158006807773052,10,10.0,1.8329807108324338e-05,1.8551097140838668,1.8439915976710124,0.04590633218940578
0,1,0,0,1.955562042596757e+16,0.87,5.652609697114395,4.7826096971143945,10,1.0,5.4555947811685143e-05,0.3602037741666318,0.3602037741666318,1.0
0,1,0,0,1.9652868044306464e+16,0.87,4.0214577527765,3.1514577527764995,10,1.4736842105263157,5.4555947811685143e-05,0.5032363445436553,0.4742445450701968,1.0
0,1,0,0,1.9748310907732416e+16,0.869,3.1748463850025175,2.3058463850025177,10,1.9473684210526314,5.4555947811685143e-05,0.632738767538113,0.5682012409787691,1.0000024600820094
0,1,0,0,1.985258866550528e+16,0.872,2.6632381920712858,1.7912381920712859,10,2.4210526315789473,5.4555947811685143e-05,0.7511820296816474,0.7511820296816474,1.000011187250451
0,1,0,0,1.9948255702642516e+16,0.871,2.329305380242107,1.4583053802421069,10,2.894736842105263,5.4555947811685143e-05,0.8601402119471647,0.8601402119471647,1.000009552074005
0,1,0,0,2.003963747356192e+16,0.869,2.0952970657025523,1.2262970657025523,10,3.3684210526315788,5.4555947811685143e-05,0.9608132935266815,0.9608132935266815,1.0
0,1,0,0,2.0152229721879004e+16,0.873,1.918947531883397,1.045947531883397,10,3.8421052631578947,5.4555947811685143e-05,1.0541820599975757,1.0541820599975757,1.0000094109722737
0,1,0,0,2.023317832846664e+16,0.869,1.7821161399851455,0.9131161399851455,10,4.315789473684211,5.4555947811685143e-05,1.1410555117136587,1.1410555117136587,1.0
0,1,0,0,2.0345528385687524e+16,0.872,1.6809168535692658,0.8089168535692658,10,4.789473684210526,5.4555947811685143e-05,1.2221227017742144,1.2221227017742144,1.0000022416444188
0,1,0,0,2.045571698350701e+16,0.874,1.595044214150792,0.7210442141507919,10,5.263157894736842,5.4555947811685143e-05,1.2979637358472882,1.2979637358472882,1.0000158894220643
0,1,0,0,2.0619257327894436e+16,0.884,1.5281115093301727,0.6441115093301727,10,5.7368421052631575,5.4555947811685143e-05,1.369103285407686,1.369103285407686,1.0000029696943848
0,1,0,0,2.0655214621741396e+16,0.874,1.4669436393379636,0.5929436393379636,10,6.2105263157894735,5.4555947811685143e-05,1.4359632333002221,1.4359632333002221,1.0
0,1,0,0,2.0823268787855176e+16,0.883,1.4195838626538975,0.5365838626538975,10,6.684210526315789,5.4555947811685143e-05,1.4989380731905002,1.4989380731905002,1.0000046033177588
0,1,0,0,2.0829701380979384e+16,0.871,1.3763767358644716,0.5053767358644716,10,7.157894736842105,5.4555947811685143e-05,1.5583662472149504,1.5583662472149504,1.0000049644834044
0,1,0,0,2.095243570294344e+16,0.874,1.34028228625146,0.46628228625146007,10,7.63157894736842,5.4555947811685143e-05,1.6145356625769673,1.6145356625769673,1.0000036584351124
0,1,0,0,2.1032581966794784e+16,0.872,1.3083192990712171,0.43631929907121714,10,8.105263157894736,5.4555947811685143e-05,1.6677360177012763,1.6677360177012763,1.000003556510253
0,1,0,0,2.110137166452121e+16,0.869,1.280845406327165,0.41184540632716504,10,8.578947368421051,5.4555947811685143e-05,1.7181861735944814,1.7181861735944814,1.0000033045027032
0,1,0,0,2.1206931459677576e+16,0.87,1.2569633728638383,0.3869633728638383,10,9.052631578947368,5.4555947811685143e-05,1.7661060256075076,1.7661060256075076,1.0
0,1,0,0,2.13579247918256e+16,0.875,1.235086226168764,0.36008622616876407,10,9.526315789473683,5.4555947811685143e-05,1.8116781891553966,1.8424176551125018,0.12320918932752965
0,1,0,0,2.1372640762946216e+16,0.868,1.2141073166869996,0.34610731668699957,10,10.0,5.4555947811685143e-05,1.8550879423890816,1.844198109734937,0.12710823884117026
0,1,0,0,1.9883910989825696e+16,0.9410000000000001,4.190971518212564,3.249971518212564,10,1.0,0.0001623776739188721,0.3604170300704786,0.3604170300704786,1.000001093096684
0,1,0,0,2.0141057282793104e+16,0.9420000000000001,3.034418872419164,2.092418872419164,10,1.4736842105263157,0.0001623776739188721,0.5030734752123163,0.4808764220597867,1.0
0,1,0,0,2.039394037483463e+16,0.9410000000000001,2.4581655222798133,1.5171655222798133,10,1.9473684210526314,0.0001623776739188721,0.6326944684582707,0.5777641410525156,1.0
0,1,0,0,2.0654721943376936e+16,0.9420000000000001,2.1076526696883597,1.1656526696883596,10,2.4210526315789473,0.0001623776739188721,0.7511469130088377,0.7511469130088377,1.0000021351431578
0,1,0,0,2.087270609820541e+16,0.935,1.8748442158554086,0.9398442158554086,10,2.894736842105263,0.0001623776739188721,0.8601165069930508,0.8601165069930508,1.000004704212186
0,1,0,0,2.111685249280897e+16,0.934,1.7106345541234322,0.7766345541234322,10,3.3684210526315788,0.0001623776739188721,0.9607941755276238,0.9607941755276238,1.000001901288634
0,1,0,0,2.142227446356446e+16,0.9410000000000001,1.5974078036108361,0.6564078036108361,10,3.8421052631578947,0.0001623776739188721,1.0541655878711134,1.0541655878711134,1.0000070776434755
0,1,0,0,2.1652753793634504e+16,0.9380000000000001,1.5054571371941838,0.5674571371941838,10,4.315789473684211,0.0001623776739188721,1.141038831283722,1.141038831283722,1.0000036162185155
0,1,0,0,2.186270280814847e+16,0.934,1.4379483871544787,0.5039483871544786,10,4.789473684210526,0.0001623776739188721,1.2221065412733423,1.2221065412733423,1.000002507190022
0,1,0,0,2.2111444095550324e+16,0.934,1.3818510536408684,0.4478510536408683,10,5.263157894736842,0.0001623776739188721,1.2979538420214163,1.2979538420214163,1.0000011317773259
0,1,0,0,2.2510308743613664e+16,0.9460000000000001,1.3408807346722669,0.3948807346722668,10,5.7368421052631575,0.0001623776739188721,1.3690875099084898,1.3690875099084898,1.0000127596887456
0,1,0,0,2.259411008081229e+16,0.933,1.2986134018529079,0.3656134018529078,10,6.2105263157894735,0.0001623776739188721,1.4359482276956397,1.4359482276956397,1.0
0,1,0,0,2.3041401113864456e+16,0.9460000000000001,1.2708991496035895,0.32489914960358945,10,6.684210526315789,0.0001623776739188721,1.498921786684602,1.498921786684602,1.0000103631909685
0,1,0,0,2.3248055157540796e+16,0.9430000000000001,1.2453861254902687,0.30238612549026866,10,7.157894736842105,0.0001623776739188721,1.558349334661027,1.558349334661027,1.0000053718070376
0,1,0,0,2.34904361829544e+16,0.9420000000000001,1.2207466844685118,0.2787466844685117,10,7.63157894736842,0.0001623776739188721,1.6145200332147445,1.6145200332147445,1.0000016566244112
0,1,0,0,2.3753108919998204e+16,0.9420000000000001,1.2012324262244065,0.25923242622440645,10,8.105263157894736,0.0001623776739188721,1.6677200532893175,1.6677200532893175,1.0000108872486708
0,1,0,0,2.3959230779052596e+16,0.9400000000000001,1.1821852859816175,0.24218528598161748,10,8.578947368421051,0.0001623776739188721,1.718167353821096,1.718167353821096,1.0000009172165374
0,1,0,0,2.4571623853488304e+16,0.9570000000000001,1.1775199729348218,0.22051997293482173,10,9.052631578947368,0.0001623776739188721,1.7660874284371997,1.7660874284371997,1.0000006569342013
0,1,0,0,2.440351173542741e+16,0.9380000000000001,1.154318360947396,0.21631836094739587,10,9.526315789473683,0.0001623776739188721,1.811663743751764,1.811663743751764,1.0
0,1,0,0,2.4619849674200496e+16,0.937,1.1421935501355587,0.20519355013555862,10,10.0,0.0001623776739188721,1.8550682869335546,1.8447749840287229,0.31125050507557134
0,1,0,0,2.062983556807654e+16,1.095,3.1445581341383555,2.0495581341383557,10,1.0,0.0004832930238571752,0.3606556498952452,0.3606556498952452,1.0
0,1,0,0,2.12139282891216e+16,1.086,2.3082935572611225,1.2222935572611224,10,1.4736842105263157,0.0004832930238571752,0.5014816824803253,0.5014816824803253,1.0000008273696748
0,1,0,0,2.185520133713501e+16,1.089,1.9932868503157986,0.9042868503157986,10,1.9473684210526314,0.0004832930238571752,0.6325880968914496,0.5906386030793952,1.0
0,1,0,0,2.245779232299467e+16,1.085,1.7674553826737602,0.6824553826737603,10,2.4210526315789473,0.0004832930238571752,0.7510843981877189,0.6810099717784044,1.0000343287927789
0,1,0,0,2.2974573221716744e+16,1.073,1.6185341860504243,0.5455341860504244,10,2.894736842105263,0.0004832930238571752,0.8600630212271506,0.8600630212271506,1.0000002758328377
0,1,0,0,2.3746881177376516e+16,1.086,1.5245761298584433,0.4385761298584432,10,3.3684210526315788,0.0004832930238571752,0.9607534139064278,0.9607534139064278,1.0000019079763924
0,1,0,0,2.4383477237949784e+16,1.085,1.4514559226336226,0.3664559226336226,10,3.8421052631578947,0.0004832930238571752,1.0541247580532729,1.0541247580532729,1.0000013908319922
0,1,0,0,2.483768802696033e+16,1.073,1.3903688847793592,0.3173688847793592,10,4.315789473684211,0.0004832930238571752,1.1410043124465685,1.1410043124465685,1.000000999614864
0,1,0,0,2.546843291202608e+16,1.073,1.3488021489755475,0.27580214897554756,10,4.789473684210526,0.0004832930238571752,1.2220730149713206,1.2220730149713206,1.0000006256133374
0,1,0,0,2.6142992467044704e+16,1.075,1.3157774813582988,0.2407774813582988,10,5.263157894736842,0.0004832930238571752,1.2979205422935314,1.2979205422935314,1.000000239388813
0,1,0,0,2.7034078764308644e+16,1.086,1.2969743153886282,0.2109743153886281,10,5.7368421052631575,0.0004832930238571752,1.3690545391592142,1.3690545391592142,1.0000005996126122
0,1,0,0,2.726357050183864e+16,1.069,1.2624900523957057,0.19349005239570571,10,6.2105263157894735,0.0004832930238571752,1.4359149211780422,1.4359149211780422,1.0000022489817626
0,1,0,0,2.8481501080269916e+16,1.09,1.2582226362122966,0.1682226362122965,10,6.684210526315789,0.0004832930238571752,1.498889378040003,1.498889378040003,1.0000003166604274
0,1,0,0,2.8719264084945816e+16,1.076,1.2341192096561406,0.15811920965614057,10,7.157894736842105,0.0004832930238571752,1.5583106316220054,1.5583106316220054,1.0000011513841531
0,1,0,0,2.96486692475348e+16,1.085,1.2276072724726834,0.14260727247268346,10,7.63157894736842,0.0004832930238571752,1.6144918261417163,1.6144918261417163,1.0
0,1,0,0,3.015689952361756e+16,1.081,1.212449524151376,0.131449524151376,10,8.105263157894736,0.0004832930238571752,1.6676856300697438,1.6676856300697438,1.0
0,1,0,0,3.1153587097471708e+16,1.09,1.2093857414655926,0.11938574146559255,10,8.578947368421051,0.0004832930238571752,1.718135754377557,1.718135754377557,1.0
0,1,0,0,3.125736921086909e+16,1.076,1.1919412578426387,0.11594125784263865,10,9.052631578947368,0.0004832930238571752,1.766050113224025,1.766050113224025,1.0000013159656143
0,1,0,0,3.237865261280661e+16,1.088,1.1949003769318587,0.10690037693185861,10,9.526315789473683,0.0004832930238571752,1.8116274735865372,1.8116274735865372,1.0000022124033676
0,1,0,0,3.3404554897125544e+16,1.096,1.1951597879692397,0.09915978796923963,10,10.0,0.0004832930238571752,1.8550295857010493,1.8461197189615306,0.5929056672255166
0,1,0,0,2.1888219950950868e+16,1.334,2.6355357962714248,1.3015357962714247,10,1.0,0.0014384498882876629,0.360864962107952,0.360864962107952,1.0000000871192447
0,1,0,0,2.3375308532926264e+16,1.359,2.082832710667586,0.7238327106675859,10,1.4736842105263157,0.0014384498882876629,0.5021566295297355,0.5021566295297355,1.0000002465388156
0,1,0,0,2.431670422390252e+16,1.309,1.8347585054907896,0.5257585054907896,10,1.9473684210526314,0.0014384498882876629,0.6322487519185228,0.607574946187624,1.0000006171838
0,1,0,0,2.602011615084363e+16,1.336,1.7161171054792952,0.3801171054792951,10,2.4210526315789473,0.0014384498882876629,0.7509525309219844,0.7018701506343338,1.0000016545174288
0,1,0,0,2.701452155719205e+16,1.306,1.6036988655993536,0.29769886559935355,10,2.894736842105263,0.0014384498882876629,0.8599732265210256,0.8599732265210256,1.0000002222699496
0,1,0,0,2.856029818126247e+16,1.312,1.5476496128144075,0.23564961281440744,10,3.3684210526315788,0.0014384498882876629,0.9606724748881563,0.9606724748881563,1.0000001784920922
0,1,0,0,3.044897126082812e+16,1.329,1.5166697656521158,0.1876697656521158,10,3.8421052631578947,0.0014384498882876629,1.054055610498664,1.054055610498664,1.0000008628037351
0,1,0,0,3.1538596617265216e+16,1.311,1.469582118682827,0.15858211868282712,10,4.315789473684211,0.0014384498882876629,1.1409363860325303,1.1409363860325303,1.0000027329338241
0,1,0,0,3.362637324184331e+16,1.328,1.4607487687754377,0.13274876877543762,10,4.789473684210526,0.0014384498882876629,1.2220101708312219,1.2220101708312219,1.000001313785885
0,1,0,0,3.4488436593129532e+16,1.307,1.4253561295451092,0.11835612954510921,10,5.263157894736842,0.0014384498882876629,1.2978599879130877,1.2978599879130877,1.0000003217472175
0,1,0,0,3.6715143526000376e+16,1.323,1.4233195338853246,0.10031953388532466,10,5.7368421052631575,0.0014384498882876629,1.368995704989617,1.368995704989617,1.00000013139373
0,1,0,0,3.7864874827547656e+16,1.312,1.4025682087542304,0.09056820875423033,10,6.2105263157894735,0.0014384498882876629,1.4358582258015833,1.4358582258015833,1.000011573559827
0,1,0,0,3.838452012013945e+16,1.29,1.3737327527807648,0.08373275278076475,10,6.684210526315789,0.0014384498882876629,1.4988345686554272,1.4988345686554272,1.000001048174326
0,1,0,0,4.0663268268251304e+16,1.304,1.3773235596624964,0.07332355966249637,10,7.157894736842105,0.0014384498882876629,1.5582579929515494,1.5582579929515494,1.0000014859619908
0,1,0,0,4.27503210225149e+16,1.312,1.3782439957323867,0.0662439957323866,10,7.63157894736842,0.0014384498882876629,1.6144360462714964,1.6144360462714964,1.000001868790063
0,1,0,0,4.517330620039662e+16,1.324,1.3830474208249581,0.05904742082495806,10,8.105263157894736,0.0014384498882876629,1.6676311019187455,1.6676311019187455,1.0000154651043065
0,1,0,0,4.639145785740459e+16,1.317,1.3715823148337403,0.05458231483374032,10,8.578947368421051,0.0014384498882876629,1.7180809965721096,1.7180809965721096,1.000004061034718
0,1,0,0,4.677709759749479e+16,1.3,1.350833009437154,0.05083300943715385,10,9.052631578947368,0.0014384498882876629,1.7659988627669125,1.7659988627669125,1.000000757233226
0,1,0,0,4.882224448954899e+16,1.306,1.354031635388358,0.04803163538835786,10,9.526315789473683,0.0014384498882876629,1.8115732945415035,1.8115732945415035,1.0000157084250385
0,1,0,0,5.129847935565943e+16,1.316,1.3597218015417956,0.0437218015417955,10,10.0,0.0014384498882876629,1.8549809785596194,1.8481718389705406,0.8266386620502175
0,1,0,0,2.353971259283851e+16,1.624,2.5399221776706646,0.9159221776706645,10,1.0,0.004281332398719387,0.3610473518003635,0.3610473518003635,1.0000000502417197
0,1,0,0,2.559345654832081e+16,1.598,2.0901563587793524,0.49215635877935227,10,1.4736842105263157,0.004281332398719387,0.5025525569613046,0.5025525569613046,1.00260240963547
0,1,0,0,2.7710602089679444e+16,1.577,1.8704420574837357,0.29344205748373575,10,1.9473684210526314,0.004281332398719387,0.6307177629977776,0.6307177629977776,1.000000170961472
0,1,0,0,3.009179368233679e+16,1.572,1.805811539414873,0.23381153941487298,10,2.4210526315789473,0.004281332398719387,0.750603970545291,0.7182852937837109,1.0000023890110303
0,1,0,0,3.3218254742152916e+16,1.595,1.7626089452272828,0.16760894522728287,10,2.894736842105263,0.004281332398719387,0.8598003158102401,0.8102826507658276,1.000000185502145
0,1,0,0,3.5585701611821396e+16,1.577,1.7105316157482555,0.13353161574825556,10,3.3684210526315788,0.004281332398719387,0.9605468240216026,0.9605468240216026,1.000000198725834
0,1,0,0,3.929586764732909e+16,1.6,1.7010496238826769,0.1010496238826768,10,3.8421052631578947,0.004281332398719387,1.0539468801720278,1.0539468801720278,1.0000000871445636
0,1,0,0,4.0901251980518e+16,1.562,1.6492462832303199,0.0872462832303198,10,4.315789473684211,0.004281332398719387,1.1408420410043045,1.1408420410043045,1.000000898090169
0,1,0,0,4.451961785584658e+16,1.574,1.6430525969154024,0.06905259691540233,10,4.789473684210526,0.004281332398719387,1.2219223733690812,1.2219223733690812,1.0000000896884769
0,1,0,0,4.545757984760626e+16,1.532,1.5947122928489543,0.0627122928489543,10,5.263157894736842,0.004281332398719387,1.29777692849053,1.29777692849053,1.0000036071133973
0,1,0,0,4.88660485000281e+16,1.539,1.593402863471963,0.0544028634719631,10,5.7368421052631575,0.004281332398719387,1.3689184367334126,1.3689184367334126,1.0000011223911118
0,1,0,0,5.296027462981243e+16,1.553,1.5985320932125076,0.04553209321250762,10,6.2105263157894735,0.004281332398719387,1.4357800350150918,1.4357800350150918,1.0000013601804196
0,1,0,0,5.503212169095354e+16,1.537,1.5787180784780048,0.041718078478004905,10,6.684210526315789,0.004281332398719387,1.4987590122301038,1.4987590122301038,1.0000030588379147
0,1,0,0,5.898053583963049e+16,1.546,1.581312636095773,0.035312636095772953,10,7.157894736842105,0.004281332398719387,1.558187738037413,1.558187738037413,1.0000003112052738
0,1,0,0,6.088653985324114e+16,1.5310000000000001,1.5639947722069396,0.03299477220693947,10,7.63157894736842,0.004281332398719387,1.6143587573579994,1.6143587573579994,1.0000345762276166
0,1,0,0,6.581812228544385e+16,1.547,1.575587833245962,0.028587833245962146,10,8.105263157894736,0.004281332398719387,1.6675646744840646,1.6675646744840646,1.0000051835622932
0,1,0,0,7.260863707985424e+16,1.576,1.5996986779801738,0.023698677980173777,10,8.578947368421051,0.004281332398719387,1.7180145950683972,1.7180145950683972,1.0000017913527275
0,1,0,0,7.141778635450984e+16,1.536,1.559965117835322,0.02396511783532196,10,9.052631578947368,0.004281332398719387,1.7659341997376432,1.7659341997376432,1.000002905647347
0,1,0,0,7.455209541796069e+16,1.534,1.556010341345379,0.022010341345378936,10,9.526315789473683,0.004281332398719387,1.8115103736620506,1.8150351669851368,0.9599490256246972
0,1,0,0,8.088884783298274e+16,1.555,1.5736211207094761,0.01862112070947619,10,10.0,0.004281332398719387,1.8549165747773855,1.8500129368264713,0.9384974521856704
0,1,0,0,2.463881555444123e+16,1.801,2.548475104883286,0.747475104883286,10,1.0,0.012742749857031322,0.3610468147727525,0.3610468147727525,1.0000003293209527
0,1,0,0,2.729277687437891e+16,1.7650000000000001,2.164010841630729,0.39901084163072875,10,1.4736842105263157,0.012742749857031322,0.5028346449640093,0.5028346449640093,1.0
0,1,0,0,3.025413578583719e+16,1.7510000000000001,1.97760983764101,0.22660983764100995,10,1.9473684210526314,0.012742749857031322,0.6312295379911061,0.6312295379911061,1.0000017460325206
0,1,0,0,3.4121141507637216e+16,1.7730000000000001,1.902617706279782,0.12961770627978186,10,2.4210526315789473,0.012742749857031322,0.7484861347832434,0.7484861347832434,1.000000199707305
0,1,0,0,3.703688309058171e+16,1.74,1.865244274776456,0.12524427477645594,10,2.894736842105263,0.012742749857031322,0.8596152567948948,0.8236489268067111,1.0000019377551255
0,1,0,0,4.134030857382376e+16,1.7530000000000001,1.8463699119846493,0.09336991198464917,10,3.3684210526315788,0.012742749857031322,0.9604068268782213,0.9142999379512268,1.0000001620298278
0,1,0,0,4.492661836031794e+16,1.738,1.8097390118546435,0.07173901185464349,10,3.8421052631578947,0.012742749857031322,1.0538390426278759,1.0538390426278759,1.000000454429285
0,1,0,0,4.879901494135179e+16,1.728,1.784705001696921,0.056705001696921054,10,4.315789473684211,0.012742749857031322,1.1407486518972787,1.1407486518972787,1.0000003477928996
0,1,0,0,5.325948479836563e+16,1.728,1.7750611122169726,0.04706111221697262,10,4.789473684210526,0.012742749857031322,1.2218371287438319,1.2218371287438319,1.0000043035627653
0,1,0,0,5.76656807638837e+16,1.726,1.765308553830157,0.03930855383015697,10,5.263157894736842,0.012742749857031322,1.2976991890236087,1.2976991890236087,1.0
0,1,0,0,6.31733626081187e+16,1.735,1.7669899355083656,0.031989935508365486,10,5.7368421052631575,0.012742749857031322,1.368843652990175,1.368843652990175,1.0000030579776542
0,1,0,0,7.1112244198908504e+16,1.7650000000000001,1.7914373025510546,0.026437302551054476,10,6.2105263157894735,0.012742749857031322,1.4357136740122156,1.4357136740122156,1.0000000391068111
0,1,0,0,7.276678143832131e+16,1.728,1.751997814493909,0.02399781449390903,10,6.684210526315789,0.012742749857031322,1.4986982550543344,1.4986982550543344,1.0000036883717385
0,1,0,0,8.5784930280352e+16,1.7910000000000001,1.8095222449561148,0.018522244956114653,10,7.157894736842105,0.012742749857031322,1.5581270924736446,1.5581270924736446,1.0000004553052517
0,1,0,0,8.962469845805186e+16,1.774,1.7906757430941598,0.016675743094159756,10,7.63157894736842,0.012742749857031322,1.6143124204120805,1.6143124204120805,1.0000003770562782
0,1,0,0,9.847197925826842e+16,1.7910000000000001,1.804116953482422,0.013116953482421811,10,8.105263157894736,0.012742749857031322,1.6675054044115705,1.6675054044115705,1.0000021916347661
0,1,0,0,1.0357370224103254e+17,1.782,1.793790607395695,0.01179060739569504,10,8.578947368421051,0.012742749857031322,1.7179588730326518,1.7179588730326518,1.0000006417964644
0,1,0,0,1.0323430258162995e+17,1.744,1.755871091910889,0.011871091910889087,10,9.052631578947368,0.012742749857031322,1.7658799322923129,1.7658799322923129,1.0000062111752657
0,1,0,0,1.1534867504596534e+17,1.774,1.783366731521197,0.009366731521196936,10,9.526315789473683,0.012742749857031322,1.8114573965636707,1.8138059280944863,0.9870322327208018
0,1,0,0,1.2381995256539984e+17,1.782,1.790206372286133,0.008206372286132968,10,10.0,0.012742749857031322,1.8548654180984636,1.8513862271991761,0.9796805530859669
0,1,0,0,2.522405638399855e+16,1.891,2.5734529707926264,0.6824529707926263,10,1.0,0.03792690190732246,0.3610734980906489,0.3610734980906489,1.0000000278344992
0,1,0,0,2.8540526771904416e+16,1.881,2.2348611886595124,0.35386118865951244,10,1.4736842105263157,0.03792690190732246,0.5029366690866356,0.5029366690866356,1.0000000698302833
0,1,0,0,3.1990518265625984e+16,1.86,2.0571817357507185,0.1971817357507184,10,1.9473684210526314,0.03792690190732246,0.6313889599778425,0.6313889599778425,1.0000000603567096
0,1,0,0,3.662538521003562e+16,1.8840000000000001,1.991371192723308,0.10737119272330786,10,2.4210526315789473,0.03792690190732246,0.7487736964696807,0.7487736964696807,1.0000000196146575
0,1,0,0,4.006010641813436e+16,1.845,1.945478808654519,0.10047880865451897,10,2.894736842105263,0.03792690190732246,0.8593498680865694,0.8299030294672501,1.0000003527514836
0,1,0,0,4.4729964987443224e+16,1.843,1.9193363400289738,0.07633634002897383,10,3.3684210526315788,0.03792690190732246,0.9602947340228817,0.9216875279403598,1.0000007010755925
0,1,0,0,5.183700616036709e+16,1.887,1.9428972855347055,0.05589728553470552,10,3.8421052631578947,0.03792690190732246,1.0537628907842267,1.0107289798330847,1.000000409220349
0,1,0,0,5.514294663388645e+16,1.844,1.8887902618111834,0.044790261811183285,10,4.315789473684211,0.03792690190732246,1.1406825109457732,1.1406825109457732,1.0000000157515225
0,1,0,0,6.057647762101013e+16,1.841,1.8774307639627514,0.03643076396275147,10,4.789473684210526,0.03792690190732246,1.2217797147584655,1.2217797147584655,1.00000009642403
0,1,0,0,6.597320546611055e+16,1.835,1.8642924603688025,0.02929246036880251,10,5.263157894736842,0.03792690190732246,1.2976462524970247,1.2976462524970247,1.0000000176745552
0,1,0,0,7.281586803869806e+16,1.842,1.8661300484690873,0.024130048469087173,10,5.7368421052631575,0.03792690190732246,1.3687869856730854,1.3687869856730854,1.0000025156229984
0,1,0,0,8.215889569944285e+16,1.868,1.8863761378477981,0.018376137847798013,10,6.2105263157894735,0.03792690190732246,1.435666567456629,1.435666567456629,1.0000021876746024
0,1,0,0,9.167446283378154e+16,1.8860000000000001,1.9007590580921012,0.014759058092101096,10,6.684210526315789,0.03792690190732246,1.4986506128935801,1.4986506128935801,1.0000006138635558
0,1,0,0,9.329131064062088e+16,1.844,1.8578885066518271,0.01388850665182706,10,7.157894736842105,0.03792690190732246,1.5580823597033302,1.5580823597033302,1.000001363363088
0,1,0,0,1.080810880225414e+17,1.8900000000000001,1.9009155892916767,0.010915589291676575,10,7.63157894736842,0.03792690190732246,1.6142640065253435,1.6142640065253435,1.000001551613127
0,1,0,0,1.1358662861057883e+17,1.875,1.884594444670276,0.009594444670276037,10,8.105263157894736,0.03792690190732246,1.6674650227810917,1.6674650227810917,1.000000459806634
0,1,0,0,1.168472166076888e+17,1.85,1.8590002467194884,0.009000246719488292,10,8.578947368421051,0.03792690190732246,1.7179190345309163,1.7179190345309163,1.000000231364475
0,1,0,0,1.2311966483390106e+17,1.842,1.8494873305500028,0.007487330550002724,10,9.052631578947368,0.03792690190732246,1.7658417653915854,1.7658417653915854,1.0000000259473945
0,1,0,0,1.3256445603542966e+17,1.848,1.8546309077159742,0.006630907715974077,10,9.526315789473683,0.03792690190732246,1.8114182050805898,1.8137273947760928,0.9957062923171293
0,1,0,0,1.4535407186716064e+17,1.865,1.8699162448229423,0.004916244822942284,10,10.0,0.03792690190732246,1.8548270496558457,1.852893762299794,0.994018789203989
0,1,0,0,2.5685158815093228e+16,1.961,2.5888323662246613,0.6278323662246612,10,1.0,0.11288378916846883,0.3611033244701268,0.3611033244701268,1.0000000012204109
0,1,0,0,2.964934860044473e+16,1.978,2.2934244666395847,0.3154244666395847,10,1.4736842105263157,0.11288378916846883,0.5030023091268297,0.5030023091268297,1.0000009731686428
0,1,0,0,3.463942470143812e+16,2.012,2.176522041839976,0.1645220418399762,10,1.9473684210526314,0.11288378916846883,0.6315340200707825,0.6315340200707825,1.0
0,1,0,0,3.852618675736346e+16,1.964,2.0603607834065443,0.0963607834065443,10,2.4210526315789473,0.11288378916846883,0.7490674099078724,0.7490674099078724,1.0000003560619428
0,1,0,0,4.512453871860483e+16,2.0020000000000002,2.0717736646243146,0.06977366462431434,10,2.894736842105263,0.11288378916846883,0.8588506697017203,0.8338998165473822,1.0000000237160276
0,1,0,0,4.88023175836316e+16,1.945,2.005292268697355,0.06029226869735482,10,3.3684210526315788,0.11288378916846883,0.96018635587432,0.9251017776682816,1.0000000031592005
0,1,0,0,5.505625753818701e+16,1.949,1.9950350980200826,0.04603509802008254,10,3.8421052631578947,0.11288378916846883,1.0536891949118417,1.0155188926223053,1.0000001583466442
0,1,0,0,6.325144506979056e+16,1.973,2.0071727743864898,0.03417277438648969,10,4.315789473684211,0.11288378916846883,1.140628488421085,1.102508699501571,1.0000000194782144
0,1,0,0,7.0538045347007704e+16,1.973,2.0009331470820837,0.02793314708208361,10,4.789473684210526,0.11288378916846883,1.221726562080669,1.221726562080669,1.0000001096003959
0,1,0,0,7.799774630839085e+16,1.969,1.991574311809686,0.022574311809685943,10,5.263157894736842,0.11288378916846883,1.2975868792443215,1.2975868792443215,1.0000002804716661
0,1,0,0,9.078279059053387e+16,2.008,2.024352746353188,0.016352746353188063,10,5.7368421052631575,0.11288378916846883,1.3687539207588189,1.3687539207588189,1.0000000049964854
0,1,0,0,9.182050938475072e+16,1.946,1.9610070641134487,0.015007064113448765,10,6.2105263157894735,0.11288378916846883,1.4356286906106281,1.4356286906106281,1.0000005498546194
0,1,0,0,1.0452938638029325e+17,1.974,1.9844393614665963,0.010439361466596297,10,6.684210526315789,0.11288378916846883,1.498612240339684,1.498612240339684,1.0000007534679043
0,1,0,0,1.2507780528069206e+17,2.033,2.0415687576162416,0.008568757616241651,10,7.157894736842105,0.11288378916846883,1.5580416633055363,1.5580416633055363,1.0000000756585643
0,1,0,0,1.3212376624207062e+17,2.0140000000000002,2.0209497091004653,0.006949709100465107,10,7.63157894736842,0.11288378916846883,1.6142281454116483,1.6142281454116483,1.0000044278288034
0,1,0,0,1.341233174606534e+17,1.973,1.980196144736727,0.007196144736726806,10,8.105263157894736,0.11288378916846883,1.6674420059520048,1.6674420059520048,1.000000217236942
0,1,0,0,1.4256291465530744e+17,1.964,1.9696532049076285,0.005653204907628551,10,8.578947368421051,0.11288378916846883,1.7178723221566372,1.7178723221566372,1.0000026243175546
0,1,0,0,1.546425817799425e+17,1.969,1.973323357908567,0.0043233579085668605,10,9.052631578947368,0.11288378916846883,1.7658018207626787,1.768763895052745,0.9990913347919471
0,1,0,0,1.6492979544653536e+17,1.966,1.9700073396526991,0.004007339652699171,10,9.526315789473683,0.11288378916846883,1.8113802892233455,1.8145430941596283,0.9985435371228137
0,1,0,0,1.8132249726702886e+17,1.981,1.9845458150699435,0.0035458150699434476,10,10.0,0.11288378916846883,1.8547807354545962,1.8550253077013295,0.9981249526189795
0,1,0,0,2.7261344967628416e+16,2.185,2.7029384770184777,0.5179384770184776,10,1.0,0.33598182862837744,0.3611107139523799,0.3611107139523799,1.000000004943187
0,1,0,0,3.3394032792378428e+16,2.27,2.509178544639526,0.23917854463952581,10,1.4736842105263157,0.33598182862837744,0.5030739613427516,0.5030739613427516,1.000000001047619
0,1,0,0,3.816158990286933e+16,2.199,2.3291354567151306,0.13013545671513072,10,1.9473684210526314,0.33598182862837744,0.6317719236428246,0.6317719236428246,1.0000000026262672
0,1,0,0,4.670955495292636e+16,2.259,2.3179476941108073,0.05894769411080736,10,2.4210526315789473,0.33598182862837744,0.7493557409810275,0.7493557409810275,1.0000000142286951
0,1,0,0,5.446417766077109e+16,2.248,2.280104726716803,0.032104726716802645,10,2.894736842105263,0.33598182862837744,0.8578156300365087,0.8578156300365087,1.000000000685574
0,1,0,0,5.982006437646026e+16,2.181,2.2194733021912834,0.03847330219128331,10,3.3684210526315788,0.33598182862837744,0.9598336454142519,0.9373584743887783,1.0000000495299002
0,1,0,0,6.9245003431147384e+16,2.184,2.2145446203846317,0.03054462038463157,10,3.8421052631578947,0.33598182862837744,1.053607545362936,1.027655966262707,1.0000001389726283
0,1,0,0,8.774711503165494e+16,2.278,2.296596768578683,0.018596768578682976,10,4.315789473684211,0.33598182862837744,1.140511967307377,1.113580773593801,1.0000000002865952
0,1,0,0,9.124216613905402e+16,2.194,2.21050757950476,0.016507579504760006,10,4.789473684210526,0.33598182862837744,1.2216306051987245,1.1957752871893663,1.000000105353912
0,1,0,0,1.0702357936019475e+17,2.222,2.23347377774427,0.011473777744269942,10,5.263157894736842,0.33598182862837744,1.2975103619361437,1.2727457381492813,1.0000000105346738
0,1,0,0,1.1941357539006358e+17,2.214,2.2230364388361727,0.009036438836172778,10,5.7368421052631575,0.33598182862837744,1.3686565433890643,1.3458266281871154,1.0000000969766398
0,1,0,0,1.5426851114341837e+17,2.313,2.318536559411931,0.005536559411930764,10,6.2105263157894735,0.33598182862837744,1.4355423737395594,1.4147131819358925,1.000000010120127
0,1,0,0,1.4250783146852534e+17,2.182,2.1877859281177408,0.005785928117740813,10,6.684210526315789,0.33598182862837744,1.4985292986493426,1.4796598760142665,1.0000003963774595
0,1,0,0,1.6421560181639872e+17,2.205,2.2089581059832013,0.003958105983201232,10,7.157894736842105,0.33598182862837744,1.557973617848472,1.5412437810327178,1.0000000903382211
0,1,0,0,1.829656795015637e+17,2.213,2.216277407245138,0.003277407245137809,10,7.63157894736842,0.33598182862837744,1.6140843680280237,1.5987018365530825,1.0000002575181994
0,1,0,0,1.931259834566266e+17,2.19,2.1926733418870854,0.0026733418870854564,10,8.105263157894736,0.33598182862837744,1.6672837754495569,1.6536995901082026,1.0000004354108536
0,1,0,0,1.935e+16,2.178,2.178,0.0,10,8.578947368421051,0.33598182862837744,1.7171489852416735,1.721786059439703,0.9997422867749013
0,1,0,0,1.935e+16,2.212,2.212,0.0,10,9.052631578947368,0.33598182862837744,1.7651848162190111,1.7700097737328784,0.9996445174149396
0,1,0,0,1.935e+16,2.226,2.226,0.0,10,9.526315789473683,0.33598182862837744,1.8108811760832555,1.8462065926667117,0.9987750444604822
0,1,0,0,1.935e+16,2.223,2.223,0.0,10,10.0,0.33598182862837744,1.8544066443636946,1.8592705216963306,0.999392703783023
0,1,0,0,3.2623551164162108e+16,2.81,3.1219500168731917,0.3119500168731917,10,1.0,1.0,0.36114487451010235,0.36114487451010235,1.0000000018286177
0,1,0,0,4.089592426809245e+16,2.7600000000000002,2.8957287687322926,0.13572876873229234,10,1.4736842105263157,1.0,0.5031910144709975,0.5031910144709975,1.0000000486993719
0,1,0,0,5.4506076259881624e+16,2.84,2.8955553878528315,0.05555538785283165,10,1.9473684210526314,1.0,0.632091122406519,0.632091122406519,1.0000000006397658
0,1,0,0,6.552732528089326e+16,2.7640000000000002,2.7914599018144735,0.02745990181447322,10,2.4210526315789473,1.0,0.7501313046510031,0.7501313046510031,1.0000000007548564
0,1,0,0,8.93879699864639e+16,2.867,2.877152820080705,0.010152820080704839,10,2.894736842105263,1.0,0.8589659312346053,0.8589659312346053,1.0000001135212395
0,1,0,0,1.0110586855194888e+17,2.761,2.7686526755538376,0.007652675553837529,10,3.3684210526315788,1.0,0.9597024652432073,0.9597024652432073,1.0000000230465635
0,1,0,0,1.324245861656712e+17,2.827,2.8295350399295485,0.0025350399295485104,10,3.8421052631578947,1.0,1.0532184057614287,1.0532184057614287,1.0000002998265172
0,1,0,0,1.935e+16,2.928,2.928,0.0,10,4.315789473684211,1.0,1.1402164929117087,1.1402164929117087,1.0000000017398478
0,1,0,0,1.8909253004710614e+17,2.802,2.803366259806097,0.0013662598060970588,10,4.789473684210526,1.0,1.2214431622826547,1.2214431622826547,1.000000055044098
0,1,0,0,1.935e+16,2.791,2.791,0.0,10,5.263157894736842,1.0,1.2974252582267685,1.2974252582267685,1.0000004649103098
0,1,0,0,1.935e+16,2.794,2.794,0.0,10,5.7368421052631575,1.0,1.3686997464282578,1.3686997464282578,1.0000007456723132
0,1,0,0,1.935e+16,2.793,2.793,0.0,10,6.2105263157894735,1.0,1.4356882111419509,1.4356882111419509,1.0000003088428717
0,1,0,0,1.935e+16,2.793,2.793,0.0,10,6.684210526315789,1.0,1.4987657328235044,1.5033178899127513,0.999947499347406
0,1,0,0,1.935e+16,2.811,2.811,0.0,10,7.157894736842105,1.0,1.5582942444136962,1.5629175017641528,0.9999298769711746
0,1,0,0,1.935e+16,2.9210000000000003,2.9210000000000003,0.0,10,7.63157894736842,1.0,1.6145586684751654,1.619469782412705,0.9999111355131192
0,1,0,0,1.935e+16,2.839,2.839,0.0,10,8.105263157894736,1.0,1.6678335987302935,1.6730729395718764,0.999894225948482
0,1,0,0,1.935e+16,2.914,2.914,0.0,10,8.578947368421051,1.0,1.7199471088876683,1.7199471088876683,0.9999666802954608
0,1,0,0,1.935e+16,2.839,2.839,0.0,10,9.052631578947368,1.0,1.7688898861392326,1.7688898861392326,0.999951767918447
0,1,0,0,1.935e+16,2.944,2.944,0.0,10,9.526315789473683,1.0,1.818570852400543,1.818570852400543,0.999922227088304
0,1,0,0,1.935e+16,2.972,2.972,0.0,10,10.0,1.0,1.8606260813766597,1.8606260813766597,0.9999215578907213
