time_start,time_stop,M_start,M_stop,avg_growth_rate_hr,min_growth_rate_hr,max_growth_rate_hr,dilution_cycle,species_label,cycle_ss_idx,total_ss_idx,nu_max_preshift,nu_max_postshift,K
2.185,10.709,251002946499669.88,5181262471535732.0,0.35498658709302033,0.35293872618371686,0.35635574128853736,1,0,1,1,1,0.5,1e-05
30.321,30.466,4.594713619209259e+16,4.688976039064292e+16,0.14004363542032466,0.13946213499818377,0.1406223199870343,1,0,2,2,1,0.5,1e-05
54.799,82.792,3.895935943248e+18,8.845195625677053e+20,0.19361988052107054,0.19323283231511656,0.19369851143846137,1,0,3,3,1,0.5,1e-05
2.0020000000000002,10.772,235194034160342.3,5313798928500357.0,0.3553206719558383,0.3532735272143512,0.35663534979331063,1,0,1,1,1,0.5555555555555556,1e-05
28.044,28.153000000000002,4.1804100503868696e+16,4.248618659616421e+16,0.14831504506302642,0.14774840857653954,0.1488801267664563,1,0,2,2,1,0.5555555555555556,1e-05
50.955,76.271,3.9732585842622464e+18,8.846567372121607e+20,0.213290741946482,0.21288496233248158,0.21337309983826008,1,0,3,3,1,0.5555555555555556,1e-05
1.83,10.835,221222929001309.34,5449984855037612.0,0.355649650296698,0.3536100720762271,0.35689292341392814,1,0,1,1,1,0.6111111111111112,1e-05
26.255,26.342000000000002,3.8673795634105176e+16,3.920227131225915e+16,0.1559451079492404,0.1553847220892254,0.15650371070947283,1,0,2,2,1,0.6111111111111112,1e-05
47.776,70.947,4.009753449068806e+18,8.845079796968815e+20,0.23267788712036747,0.23224844908353537,0.23277427112688495,1,0,3,3,1,0.6111111111111112,1e-05
1.675,10.898,209332018668043.62,5589927175998026.0,0.3559729148310388,0.35394854041029833,0.3571256308347099,1,0,1,1,1,0.6666666666666666,1e-05
24.813,24.883,3.6237779485117976e+16,3.665396054050862e+16,0.16311574386979721,0.16256440676366557,0.1636648015342054,1,0,2,2,1,0.6666666666666666,1e-05
45.091,66.493,4.017922641668826e+18,8.84353296564214e+20,0.25179210621806586,0.2513373277175758,0.2518839947579856,1,0,3,3,1,0.6666666666666666,1e-05
1.544,10.961,199784254112735.03,5733736114237364.0,0.3562901430831805,0.3542891432977048,0.35733204106534433,1,0,1,1,1,0.7222222222222222,1e-05
23.631,23.691,3.4211732067176896e+16,3.4561643887139916e+16,0.16962514874303897,0.169072097050132,0.170177126124552,1,0,2,2,1,0.7222222222222222,1e-05
42.665,62.742000000000004,3.8535019602303447e+18,8.844677000390571e+20,0.270641010731511,0.2701169310261522,0.2707419706059247,1,0,3,3,1,0.7222222222222222,1e-05
1.43,11.024000000000001,191827046220939.5,5881528057617690.0,0.35660287793481854,0.3546316660073162,0.3575166374157443,1,0,1,1,1,0.7777777777777778,1e-05
22.651,22.703,3.260981283574535e+16,3.290941933438344e+16,0.17587557021371475,0.17531660627870221,0.1764337414272996,1,0,2,2,1,0.7777777777777778,1e-05
40.869,59.492000000000004,4.026134537890893e+18,8.844620242041021e+20,0.2892462417003272,0.2887410562871642,0.28934745262034334,1,0,3,3,1,0.7777777777777778,1e-05
1.329,11.083,185037336794233.12,6024875078419966.0,0.35691287501498004,0.3549789456892992,0.3576823254415695,1,0,1,1,1,0.8333333333333333,1e-05
21.798000000000002,21.839000000000002,3.1153267341868868e+16,3.138564253601549e+16,0.1817502922166319,0.18120486428021865,0.18229616999805892,1,0,2,2,1,0.8333333333333333,1e-05
39.167,56.669000000000004,4.03784756415622e+18,8.842771543038333e+20,0.307603270167086,0.3070787378114296,0.30770881331028804,1,0,3,3,1,0.8333333333333333,1e-05
1.241,11.142,179315121215824.03,6172003928828730.0,0.3572198141243109,0.3553279339301537,0.35783102636481356,1,0,1,1,1,0.8888888888888888,1e-05
21.109,21.148,3.011771338231036e+16,3.033847324361432e+16,0.18727743078151313,0.1867297802574459,0.18782462225301805,1,0,2,2,1,0.8888888888888888,1e-05
37.678,54.211,4.0288784111858806e+18,8.843089478360887e+20,0.32572377394052554,0.32517594279693907,0.3258335316626772,1,0,3,3,1,0.8888888888888888,1e-05
1.163,11.201,174389548877160.78,6323022022551476.0,0.35752441178710465,0.3556787812375547,0.3579651061568723,1,0,1,1,1,0.9444444444444444,1e-05
20.5,20.535,2.9150054154482816e+16,2.9347263665588236e+16,0.19257382014137941,0.19202068161585992,0.19312681392619727,1,0,2,2,1,0.9444444444444444,1e-05
36.353,52.037,4.019545867977597e+18,8.844331984173504e+20,0.34361333633739244,0.34304393826673657,0.3437414659885231,1,0,3,3,1,0.9444444444444444,1e-05
1.095,11.26,170205258227793.3,6478040851995250.0,0.35782715302401086,0.3560317046907271,0.35818065236153257,1,0,1,1,1,1.0,1e-05
19.965,19.996,2.82934598009914e+16,2.846735047125823e+16,0.19752606736518402,0.1969829527879373,0.1980688620346947,1,0,2,2,1,1.0,1e-05
35.175000000000004,50.097,4.008262713322533e+18,8.845179893381737e+20,0.3612815225542246,0.3606887628176755,0.36140087755556616,1,0,3,3,1,1.0,1e-05
1.551,5.812,309705284161919.4,4617922241117221.0,0.6338550069797653,0.630506399275784,0.6363781092322989,1,0,1,1,2,0.5,1e-05
29.617,30.139,9.82821996813942e+16,1.0744208262692122e+17,0.17062549023403126,0.16950331418118855,0.1717162736329902,1,0,2,2,2,0.5,1e-05
47.1,77.235,2.576911675815961e+18,8.846161043024688e+20,0.1935834476672291,0.19296927262065372,0.19370163714297295,1,0,3,3,2,0.5,1e-05
1.3800000000000001,5.861,277838353434707.75,4781898203934718.0,0.6347206947691426,0.631332027882757,0.6372297898876318,1,0,1,1,2,0.6666666666666666,1e-05
22.291,22.484,6.504953766451461e+16,6.768321752572165e+16,0.20551672771952856,0.20451835669242943,0.2065036039372397,1,0,2,2,2,0.6666666666666666,1e-05
38.215,60.800000000000004,2.981492612195509e+18,8.844471147045664e+20,0.25176244804699843,0.2511258488696225,0.2518838392676123,1,0,3,3,2,0.6666666666666666,1e-05
1.216,5.912,250318150784826.94,4958422360946924.0,0.6355689497555106,0.632156733578021,0.638022740482073,1,0,1,1,2,0.8333333333333333,1e-05
18.38,18.48,5.064055530367864e+16,5.185025279951034e+16,0.23461590275046182,0.23367470235450472,0.2355518526489284,1,0,2,2,2,0.8333333333333333,1e-05
32.587,50.907000000000004,3.140987069650523e+18,8.843756398189564e+20,0.3075752024195458,0.30688189107284647,0.30770879309237553,1,0,3,3,2,0.8333333333333333,1e-05
1.057,5.962,226195119448699.53,5138689946678395.0,0.6364025200780543,0.6329919719742377,0.6387516918369724,1,0,1,1,2,1.0,1e-05
15.983,16.043,4.260816354820203e+16,4.327677913401738e+16,0.2593211148445004,0.25844565488814697,0.26019388711680597,1,0,2,2,2,1.0,1e-05
28.757,44.305,3.196821376915552e+18,8.843260192964346e+20,0.3612551984402231,0.36049079460812045,0.3614010328875428,1,0,3,3,2,1.0,1e-05
0.924,6.011,207799132120047.25,5322635569650011.0,0.6372114581194835,0.6338335328489935,0.6393784116565099,1,0,1,1,2,1.1666666666666665,1e-05
14.383000000000001,14.425,3.765733735183638e+16,3.8105060887586664e+16,0.2811903403937766,0.2803345646577259,0.2820440117206221,1,0,2,2,2,1.1666666666666665,1e-05
25.981,39.566,3.2162031015032e+18,8.844142765110159e+20,0.4129793059264459,0.412146074274861,0.4131373745484285,1,0,3,3,2,1.1666666666666665,1e-05
0.8140000000000001,6.0600000000000005,193707131846880.06,5513677226209239.0,0.6379989614783491,0.6346816621102962,0.6399105251149543,1,0,1,1,2,1.3333333333333333,1e-05
13.243,13.274000000000001,3.4255668832556716e+16,3.4576674016497104e+16,0.30063719121937144,0.2998058730762897,0.3014672689187751,1,0,2,2,2,1.3333333333333333,1e-05
23.88,36.004,3.2119352899181773e+18,8.841274486530781e+20,0.4628925656492728,0.46198986776128287,0.4630627500067821,1,0,3,3,2,1.3333333333333333,1e-05
0.724,6.111,182882116496031.88,5719371852419394.0,0.6387680218192519,0.6355300865434123,0.6403594248629751,1,0,1,1,2,1.5,1e-05
12.401,12.425,3.181641364456816e+16,3.206133852167479e+16,0.31841849063449046,0.3176033852354155,0.319230949803816,1,0,2,2,2,1.5,1e-05
22.267,33.223,3.2521807992061286e+18,8.842448489275852e+20,0.5111195109768919,0.5101809323322684,0.511299465463864,1,0,3,3,2,1.5,1e-05
0.655,6.155,174995397001986.7,5908080278087180.0,0.6395297362251212,0.6364097153129603,0.640736844593511,1,0,1,1,2,1.6666666666666665,1e-05
11.742,11.762,2.9902621039760956e+16,3.0103197911278172e+16,0.3342137965438844,0.3333869321428802,0.3350394920449686,1,0,2,2,2,1.6666666666666665,1e-05
20.942,31.001,3.2168739629102746e+18,8.834854324400782e+20,0.5577617999784878,0.5567533088383076,0.5579530193406419,1,0,3,3,2,1.6666666666666665,1e-05
0.599,6.199,168843438521389.38,6102306562968586.0,0.640280027067074,0.6372921934369319,0.6410616043374556,1,0,1,1,2,1.8333333333333333,1e-05
11.229000000000001,11.246,2.846468063686961e+16,2.8634235013522144e+16,0.3492092793045798,0.3483746942211088,0.35004294696407673,1,0,2,2,2,1.8333333333333333,1e-05
19.696,29.164,2.915515095283329e+18,8.838205903133582e+20,0.6028972000497519,0.6016274906330988,0.6031335840122596,1,0,3,3,2,1.8333333333333333,1e-05
0.552,6.245,163845585579046.75,6311621183006457.0,0.641023481496277,0.6381741644267588,0.6415785254326601,1,0,1,1,2,2.0,1e-05
10.809000000000001,10.823,2.7242223052847344e+16,2.7380795943153024e+16,0.36230273160241205,0.36150635879436127,0.3630985354429358,1,0,2,2,2,2.0,1e-05
18.927,27.649,3.121850579834841e+18,8.841889609610295e+20,0.6466595094143675,0.6454988889286422,0.6468741933599105,1,0,3,3,2,2.0,1e-05
1.116,4.24,304549933511760.1,4564592420178626.0,0.8662058917888887,0.8617697610184779,0.8696827911479285,1,0,1,1,3,0.5,1e-05
31.474,33.36,1.8376132413147376e+17,2.5972604625060493e+17,0.18333657064496203,0.18131984466290138,0.1851353650945024,1,0,2,2,3,0.5,1e-05
42.889,75.522,1.589082702548993e+18,8.846868130916724e+20,0.19351889438384398,0.1924742106390468,0.19369824338447933,1,0,3,3,3,0.5,1e-05
0.992,4.279,273520316183376.44,4739964279927895.0,0.8674184040599815,0.8629334122602081,0.8708775957687728,1,0,1,1,3,0.7777777777777778,1e-05
19.382,19.639,8.280109048852896e+16,8.829848185537978e+16,0.24980134435289472,0.24839233792534351,0.25117844689236124,1,0,2,2,3,0.7777777777777778,1e-05
31.489,51.89,2.407451396626808e+18,8.84325705946066e+20,0.289184716958078,0.288293275963911,0.2893474337674035,1,0,3,3,3,0.7777777777777778,1e-05
0.871,4.317,246227451678224.9,4918307684029362.0,0.8686121820495737,0.8641089438433333,0.8719965505433356,1,0,1,1,3,1.0555555555555556,1e-05
14.604000000000001,14.700000000000001,5.611061409569871e+16,5.775845655062848e+16,0.3015875523341265,0.3003457370508333,0.3028151338243643,1,0,2,2,3,1.0555555555555556,1e-05
25.330000000000002,40.659,2.6553605964326697e+18,8.843670064106247e+20,0.3786798094835627,0.37771219813725065,0.37891844838122624,1,0,3,3,3,1.0555555555555556,1e-05
0.757,4.361,222973651555027.12,5130707261098020.0,0.869772922222537,0.8652583629556196,0.8730142354079549,1,0,1,1,3,1.3333333333333335,1e-05
12.133000000000001,12.184000000000001,4.459886363332886e+16,4.539307899152826e+16,0.3441891984312289,0.3430268487240434,0.3453466814491147,1,0,2,2,3,1.3333333333333335,1e-05
21.59,34.058,2.7380695420886513e+18,8.843293012220927e+20,0.4628667849953774,0.46179629009428214,0.46306307004043906,1,0,3,3,3,1.3333333333333335,1e-05
0.658,4.398,204542693058369.25,5320250979283638.0,0.8709118430371765,0.866455719111864,0.8738981622210643,1,0,1,1,3,1.6111111111111112,1e-05
10.636000000000001,10.667,3.814970584924732e+16,3.860228029879425e+16,0.38027222673661604,0.37920072614103256,0.3813381420187384,1,0,2,2,3,1.6111111111111112,1e-05
19.104,29.741,2.75345773567637e+18,8.839398310843926e+20,0.5423503358011016,0.5411750928645038,0.5426000915274404,1,0,3,3,3,1.6111111111111112,1e-05
0.5730000000000001,4.436,189920553016732.7,5522104978934941.0,0.8720210282012038,0.8676594907621271,0.8746519022074778,1,0,1,1,3,1.8888888888888888,1e-05
9.656,9.679,3.425912040599515e+16,3.4586107954172156e+16,0.41297307476200723,0.4119236335034378,0.4140334584893269,1,0,2,2,3,1.8888888888888888,1e-05
17.324,26.659,2.7550530587669755e+18,8.841419476863947e+20,0.6176252426175745,0.6163405918234127,0.6178548847434353,1,0,3,3,3,1.8888888888888888,1e-05
0.508,4.471,179443590834155.56,5717304474602394.0,0.8731052293933177,0.8688812847810359,0.8752731453354685,1,0,1,1,3,2.166666666666667,1e-05
8.944,8.96,3.1284608461917464e+16,3.150545053102368e+16,0.4395570922725468,0.4385781025628176,0.44053463018118383,1,0,2,2,3,2.166666666666667,1e-05
15.994,24.376,2.7239348981006653e+18,8.836298466346762e+20,0.6890487596218187,0.6876564715483797,0.6893000280597343,1,0,3,3,3,2.166666666666667,1e-05
0.454,4.515,171173949204887.75,5966757523891467.0,0.8741620387936078,0.8700704900053895,0.8757965113603159,1,0,1,1,3,2.4444444444444446,1e-05
8.426,8.438,2.924149872230949e+16,2.940496238496629e+16,0.4644603341608358,0.46355544184381275,0.4653641367452411,1,0,2,2,3,2.4444444444444446,1e-05
14.951,22.609,2.674132349045658e+18,8.838797374201177e+20,0.7569626009606856,0.7554485389217456,0.75723575222739,1,0,3,3,3,2.4444444444444446,1e-05
0.41000000000000003,4.553,164714500729503.72,6195079247229092.0,0.8752128369040326,0.871303100033976,0.876238363244169,1,0,1,1,3,2.7222222222222223,1e-05
14.137,21.193,2.6686546677716623e+18,8.835810831089454e+20,0.821656312822536,0.8200696390340988,0.8219798843804954,1,0,2,2,3,2.7222222222222223,1e-05
0.376,4.582,159890725794385.9,6385731449100370.0,0.8762580574494341,0.872580739298841,0.8769727234055791,1,0,1,1,3,3.0,1e-05
13.458,20.045,2.62005045456047e+18,8.833785529848622e+20,0.8833658115082923,0.8816601399564202,0.8837061160827417,1,0,2,2,3,3.0,1e-05
0.879,3.454,294990477922781.4,4572011743397079.0,1.0638381076434815,1.058554033296499,1.068068212368479,1,0,1,1,4,0.5,1e-05
33.617,74.808,3.126264997326029e+17,8.846814598394557e+20,0.19286632443546303,0.18668236471160024,0.19374846174714977,1,0,2,2,4,0.5,1e-05
0.775,3.486,264053431742050.03,4748774904558432.0,1.0652975219438423,1.0599567664634588,1.0695184086354304,1,0,1,1,4,0.8888888888888888,1e-05
17.329,17.632,9.578363248757795e+16,1.0456090223221598e+17,0.28918731060472636,0.28739178634581053,0.29093323042076163,1,0,2,2,4,0.8888888888888888,1e-05
27.029,45.675000000000004,2.0287581991704863e+18,8.84524114156516e+20,0.32562894436938283,0.32446049411310895,0.3258336678636536,1,0,3,3,4,0.8888888888888888,1e-05
0.673,3.5180000000000002,236807345429728.88,4932844822856056.0,1.0667325516785917,1.061368625005568,1.0708757338615773,1,0,1,1,4,1.2777777777777777,1e-05
12.252,12.337,5.843647356573725e+16,6.0268717112496376e+16,0.36263183860683584,0.3611752969947936,0.3640749852044274,1,0,2,2,4,1.2777777777777777,1e-05
20.954,34.215,2.3658488426215404e+18,8.842833132234559e+20,0.44639216962446493,0.44518377424161626,0.44661954415334254,1,0,3,3,4,1.2777777777777777,1e-05
0.579,3.549,214165263950186.06,5119090150294390.0,1.0681349335582313,1.0628006070275826,1.0720940128912513,1,0,1,1,4,1.6666666666666667,1e-05
9.904,9.945,4.483057706966419e+16,4.5616723972057944e+16,0.42174158934448347,0.420412215124669,0.423065206996437,1,0,2,2,4,1.6666666666666667,1e-05
17.497,28.061,2.431129294231981e+18,8.840826043467239e+20,0.5577130954328634,0.5563429532026014,0.5580253621398273,1,0,3,3,4,1.6666666666666667,1e-05
0.501,3.58,197012138323641.25,5312896707860954.0,1.06949349919882,1.0642410882823756,1.073128473348722,1,0,1,1,4,2.0555555555555554,1e-05
8.57,8.595,3.7769024051333336e+16,3.821866827983728e+16,0.4708399622121744,0.46957771148166555,0.4720997905724757,1,0,2,2,4,2.0555555555555554,1e-05
15.326,24.227,2.4490780638059187e+18,8.838869894856759e+20,0.6608931378764114,0.659386491834551,0.6611604464090731,1,0,3,3,4,2.0555555555555554,1e-05
0.436,3.611,183757722141838.34,5514579224179903.0,1.0708163835826154,1.0656936473841927,1.0739982553229377,1,0,1,1,4,2.4444444444444446,1e-05
7.722,7.738,3.347579209656833e+16,3.375162794759994e+16,0.5126356002450814,0.5115093327861219,0.5137596547489721,1,0,2,2,4,2.4444444444444446,1e-05
13.825000000000001,21.606,2.4294787506382817e+18,8.835379226143096e+20,0.7569446002504296,0.7552893219263002,0.7572348165415045,1,0,3,3,4,2.4444444444444446,1e-05
0.385,3.644,173979016549460.56,5736705314028453.0,1.0721050852524452,1.0671422152672185,1.0747150791530402,1,0,1,1,4,2.8333333333333335,1e-05
12.692,19.7,2.327973858175395e+18,8.838617689758245e+20,0.8466530178698937,0.8447600469876418,0.8469759074456681,1,0,2,2,4,2.8333333333333335,1e-05
0.343,3.6790000000000003,166312276181686.12,5981160342179862.0,1.0733705331149115,1.0685896702436006,1.075313841154962,1,0,1,1,4,3.2222222222222223,1e-05
11.9,18.256,2.37326268165376e+18,8.833373432397166e+20,0.9307080426005274,0.9287901326221439,0.931070971920668,1,0,2,2,4,3.2222222222222223,1e-05
0.312,3.712,160871314619348.88,6223400231853142.0,1.0746232223036312,1.0700646972274794,1.0758157684580536,1,0,1,1,4,3.611111111111111,1e-05
11.241,17.113,2.336747259317804e+18,8.832945007981783e+20,1.0096549988192662,1.0075972892734366,1.010007979386,1,0,2,2,4,3.611111111111111,1e-05
0.28600000000000003,3.744,156443268504094.3,6469212268434862.0,1.0758692777132457,1.0715601582500254,1.076697135303345,1,0,1,1,4,4.0,1e-05
10.71,16.193,2.306696125893665e+18,8.828224758511834e+20,1.0839617272705473,1.0817909487510173,1.084339971961833,1,0,2,2,4,4.0,1e-05
0.72,2.992,281491810167564.1,4656903909815249.0,1.2344175504811168,1.2283777911507683,1.2393235805946772,1,0,1,1,5,0.5,1e-05
35.591,74.44200000000001,4.8543540178638106e+17,8.84629362222208e+20,0.19315103500180583,0.18931530179641629,0.19369936324826567,1,0,2,2,5,0.5,1e-05
0.631,3.019,252146920326785.03,4832952044724565.0,1.2360465345252167,1.2299584705365885,1.2409374489809732,1,0,1,1,5,1.0,1e-05
15.68,16.005,1.0363023736125549e+17,1.1520930813169138e+17,0.32551685628681115,0.32335654732182084,0.3275977621837121,1,0,2,2,5,1.0,1e-05
23.791,40.981,1.7683614658224996e+18,8.84504025832356e+20,0.36115273150553057,0.3597028516272026,0.3614010852100422,1,0,3,3,5,1.0,1e-05
0.546,3.0460000000000003,226946257687584.88,5016100510926980.0,1.2376429989720226,1.2315505003043048,1.2424274205613752,1,0,1,1,5,1.5,1e-05
10.616,10.693,5.915512228092659e+16,6.10995946565197e+16,0.4199479806341457,0.41826538029784205,0.4216150386952439,1,0,2,2,5,1.5,1e-05
17.941,29.758,2.1016594688907023e+18,8.841428204689706e+20,0.511037231361874,0.509528825405055,0.5112997127101833,1,0,3,3,5,1.5,1e-05
0.47000000000000003,3.073,206528449097176.12,5206665629471670.0,1.2391968997246086,1.2331534327808769,1.2437442627803326,1,0,1,1,5,2.0,1e-05
8.44,8.474,4.432503400521107e+16,4.50753295481035e+16,0.4936287431107007,0.492162811324958,0.49508798480828,1,0,2,2,5,2.0,1e-05
14.845,24.111,2.205931930647005e+18,8.839743326845395e+20,0.6465867445724547,0.6449374433405818,0.6468954413570752,1,0,3,3,5,2.0,1e-05
0.404,3.1,190272651065444.88,5404990322949964.0,1.2407084033218236,1.2347664945207812,1.2448747179780482,1,0,1,1,5,2.5,1e-05
7.256,7.276,3.705861136396638e+16,3.747178315391669e+16,0.5542999110522305,0.5529257585377567,0.5556686301770697,1,0,2,2,5,2.5,1e-05
12.94,20.711000000000002,2.2202814623749624e+18,8.840570840127017e+20,0.7701045658613238,0.7682936842189471,0.7704259146520035,1,0,3,3,5,2.5,1e-05
0.353,3.128,178585834067113.88,5618331235436567.0,1.2421725542522166,1.2363821190324547,1.2457990617477452,1,0,1,1,5,3.0,1e-05
6.534,6.5360000000000005,3.30064188950708e+16,3.3046558334166056e+16,0.6070557805490094,0.6069529470564154,0.6071586140416034,1,0,2,2,5,3.0,1e-05
11.647,18.432000000000002,2.1939811591284127e+18,8.832965832343734e+20,0.8833204447681644,0.8813207012122313,0.8836658719349421,1,0,3,3,5,3.0,1e-05
0.311,3.156,169494227106063.53,5840525404431369.0,1.2436069917635575,1.2380149690139413,1.246567959884956,1,0,1,1,5,3.5,1e-05
10.734,16.804000000000002,2.1896513579766702e+18,8.832864924816958e+20,0.987576277775621,0.9854458841043832,0.9879398423022856,1,0,2,2,5,3.5,1e-05
0.28,3.181,163080994207804.47,6050388291758894.0,1.2450260117991143,1.239694492284288,1.2472006403648506,1,0,1,1,5,4.0,1e-05
10.028,15.581,2.1341220868691633e+18,8.833372496967959e+20,1.0839476941095665,1.081618129786366,1.0843400556374623,1,0,2,2,5,4.0,1e-05
0.255,3.207,158084174979814.62,6275164868177341.0,1.2464249086501313,1.24136966952419,1.2477381567386139,1,0,1,1,5,4.5,1e-05
9.497,14.629,2.1292125518779412e+18,8.829440985611363e+20,1.173365628987223,1.1709345220447822,1.1737724006706272,1,0,2,2,5,4.5,1e-05
0.234,3.235,154003684685278.4,6525279247483059.0,1.2478118148312494,1.2430387183422573,1.2487130278233771,1,0,1,1,5,5.0,1e-05
9.051,13.870000000000001,2.0625945083891666e+18,8.823495751317172e+20,1.256552663148463,1.253916487740034,1.2569992797743983,1,0,2,2,5,5.0,1e-05
0.608,2.6870000000000003,268241585586787.88,4766317055828640.0,1.383352147305672,1.3766551136847611,1.3888551280265977,1,0,1,1,6,0.5,1e-05
37.361000000000004,74.224,7.064739010553971e+17,8.846732890796791e+20,0.19331484642433702,0.19077014357412844,0.19369848921754376,1,0,2,2,6,0.5,1e-05
0.53,2.711,240739593169865.88,4945221287520324.0,1.3850949528105956,1.378357863952356,1.390571845975379,1,0,1,1,6,1.1111111111111112,1e-05
14.341000000000001,14.681000000000001,1.0847458870831046e+17,1.2262035194587006e+17,0.3600601141186059,0.3575362472405251,0.36247398677653614,1,0,2,2,6,1.1111111111111112,1e-05
21.315,37.289,1.5766402592598682e+18,8.841569839008928e+20,0.3958091953792775,0.39407122486625984,0.3960997178329728,1,0,3,3,6,1.1111111111111112,1e-05
0.459,2.734,218144485457662.4,5124191550421162.0,1.3867970465813502,1.380088576133231,1.3921210491563354,1,0,1,1,6,1.7222222222222223,1e-05
9.397,9.466000000000001,5.863413146848143e+16,6.058160702814588e+16,0.47351954028945475,0.47165726227553023,0.47535989128844425,1,0,2,2,6,1.7222222222222223,1e-05
15.782,26.475,1.9263688539031496e+18,8.839604047499134e+20,0.5728684318776547,0.5711007864982459,0.5731767945000039,1,0,3,3,6,1.7222222222222223,1e-05
0.395,2.758,199575520575630.16,5317404088891016.0,1.3884530007604816,1.3818115964956914,1.3934893959000179,1,0,1,1,6,2.3333333333333335,1e-05
7.4030000000000005,7.432,4.359910587464179e+16,4.431616760691446e+16,0.5613594375774729,0.55976989539721,0.562942989005825,1,0,2,2,6,2.3333333333333335,1e-05
12.972,21.292,2.02779928825301e+18,8.835727324552595e+20,0.7301393095807746,0.7282109305013119,0.7305730171869967,1,0,3,3,6,2.3333333333333335,1e-05
0.341,2.781,185127147907499.7,5510672923210374.0,1.390064498699697,1.383562895139874,1.3946489481480433,1,0,1,1,6,2.9444444444444446,1e-05
6.344,6.36,3.624665769248118e+16,3.6615021773924e+16,0.6318982998786595,0.6305157638228238,0.6332761318601946,1,0,2,2,6,2.9444444444444446,1e-05
11.278,18.245,2.0310805559343985e+18,8.837163278836884e+20,0.8711899009383168,0.8690576195007157,0.871548730799093,1,0,3,3,6,2.9444444444444446,1e-05
0.298,2.8080000000000003,174365397208002.94,5743808471350338.0,1.3916266048978732,1.3852839298500843,1.3956042730191651,1,0,1,1,6,3.555555555555556,1e-05
10.155,16.247,2.0053801808769352e+18,8.835692805844385e+20,0.998628721147012,0.9962877898474714,0.9990406165637867,1,0,2,2,6,3.555555555555556,1e-05
0.265,2.83,166528739213575.38,5945419421088380.0,1.3931637089047086,1.387076209159732,1.396387546497596,1,0,1,1,6,4.166666666666667,1e-05
9.362,14.83,1.9799654091873367e+18,8.833766842128495e+20,1.114465741557584,1.1119386770132478,1.1148848993124545,1,0,2,2,6,4.166666666666667,1e-05
0.23900000000000002,2.853,160601270845052.38,6163177092492313.0,1.3946758463462685,1.3888645964536934,1.3970422377462375,1,0,1,1,6,4.777777777777779,1e-05
8.763,13.761000000000001,1.951171333310356e+18,8.830612501947941e+20,1.2202856980691608,1.2175772389734663,1.2207319195222164,1,0,2,2,6,4.777777777777779,1e-05
0.217,2.8770000000000002,155748297780266.84,6398364432680744.0,1.3961720135624653,1.3906568383258093,1.3975996141255447,1,0,1,1,6,5.388888888888889,1e-05
8.307,12.956,1.922134298000731e+18,8.834483263524622e+20,1.3173938091968773,1.3145137933270392,1.3178600942306298,1,0,2,2,6,5.388888888888889,1e-05
0.2,2.902,152098373636373.62,6652392449301896.0,1.3976567490427287,1.3924575217092496,1.3986260032153515,1,0,1,1,6,6.0,1e-05
7.9430000000000005,12.306000000000001,1.8937009101915622e+18,8.821838014069397e+20,1.4068450621561441,1.403810393449431,1.407341034037585,1,0,2,2,6,6.0,1e-05
0.525,2.47,256085374479627.78,4880453329980501.0,1.5146421694070713,1.5073854995103584,1.5206697615444158,1,0,1,1,7,0.5,1e-05
38.409,74.119,8.820416403570511e+17,8.845613671073799e+20,0.19338857878229357,0.19139143090745112,0.19374276885713126,1,0,2,2,7,0.5,1e-05
0.458,2.491,231316432215223.75,5055936179313968.0,1.516455058260869,1.5091886658689702,1.5224188391159628,1,0,1,1,7,1.2222222222222223,1e-05
13.213000000000001,13.545,1.111110170164916e+17,1.2660897655653862e+17,0.39303826183609203,0.3902587619364789,0.39569849140263,1,0,2,2,7,1.2222222222222223,1e-05
19.338,34.287,1.428578276088403e+18,8.841724046557187e+20,0.42963966314277724,0.42761098474543335,0.4299810474044413,1,0,3,3,7,1.2222222222222223,1e-05
0.396,2.512,210511416441219.75,5238052345677511.0,1.5182259032976482,1.5109998544462648,1.5240019519307682,1,0,1,1,7,1.9444444444444444,1e-05
8.459,8.521,5.785064567162875e+16,5.976373117923629e+16,0.5246672455641048,0.5226773322654262,0.5266312033879346,1,0,2,2,7,1.9444444444444444,1e-05
14.162,23.946,1.8135241551030927e+18,8.84084164756936e+20,0.6321129924349004,0.6301340469304996,0.6325631179853456,1,0,3,3,7,1.9444444444444444,1e-05
0.34,2.533,193311049415395.3,5427158020912124.0,1.5199523611088759,1.5128225320312387,1.5253958660944278,1,0,1,1,7,2.6666666666666665,1e-05
6.623,6.648000000000001,4.261047351243261e+16,4.328207233847293e+16,0.624468004610738,0.6227914239900048,0.6261325009798666,1,0,2,2,7,2.6666666666666665,1e-05
11.576,19.172,1.883220734831701e+18,8.838023218920872e+20,0.8088800772917215,0.806690977859201,0.8092458574672085,1,0,3,3,7,2.6666666666666665,1e-05
0.296,2.5580000000000003,180778923983307.88,5658308459682034.0,1.521615002760117,1.5146072895452984,1.5265450194337336,1,0,1,1,7,3.388888888888889,1e-05
5.686,5.691,3.573133101329007e+16,3.5857741258994944e+16,0.7062068532507363,0.7057561076841179,0.7066572254558844,1,0,2,2,7,3.388888888888889,1e-05
10.066,16.433,1.882164463338882e+18,8.836406805794157e+20,0.9650824642415966,0.9626607711350461,0.9654833194847359,1,0,3,3,7,3.388888888888889,1e-05
0.259,2.578,170862539209196.62,5854688972542224.0,1.5232520543190142,1.5164732018222618,1.5275086359942511,1,0,1,1,7,4.111111111111111,1e-05
9.076,14.652000000000001,1.8600302902673564e+18,8.828106504615384e+20,1.1043513370057705,1.1017062625099092,1.1047934499247665,1,0,2,2,7,4.111111111111111,1e-05
0.232,2.598,163969949721576.44,6058372796281748.0,1.5248527018946023,1.5183520709006146,1.5282914496446027,1,0,1,1,7,4.833333333333333,1e-05
8.378,13.397,1.8325739498403569e+18,8.828753352981388e+20,1.229439036765587,1.2265806704254116,1.2299046393442261,1,0,2,2,7,4.833333333333333,1e-05
0.209,2.619,158314809140915.88,6279184556690401.0,1.5264313890952081,1.5202296358792595,1.5289556894939837,1,0,1,1,7,5.555555555555555,1e-05
7.852,12.47,1.7805781175367442e+18,8.815102634111454e+20,1.3424761072358373,1.3393608507176142,1.3429817862489515,1,0,2,2,7,5.555555555555555,1e-05
0.191,2.642,154024258267815.7,6528430248395884.0,1.5279901095375508,1.522092404846827,1.5295186741471603,1,0,1,1,7,6.277777777777778,1e-05
7.461,11.753,1.7743215035675638e+18,8.8243231114412e+20,1.4452114965234348,1.441964751811776,1.4457341325013222,1,0,2,2,7,6.277777777777778,1e-05
0.176,2.666,150537055807581.1,6798986749175949.0,1.529541018151807,1.5239868368484266,1.5305643214602518,1,0,1,1,7,7.0,1e-05
7.1450000000000005,11.189,1.7378432045636664e+18,8.821671227354973e+20,1.5390003607591078,1.5355505376282619,1.5395550854279465,1,0,2,2,7,7.0,1e-05
0.461,2.309,245163151080358.16,5004858579556410.0,1.6313235489859277,1.623572516087036,1.6378184365621882,1,0,1,1,8,0.5,1e-05
39.438,74.095,1.0811018806307887e+18,8.845544200200158e+20,0.19343949497755705,0.1918502925320178,0.19370167323852824,1,0,2,2,8,0.5,1e-05
0.402,2.328,222617013434626.38,5179908642075968.0,1.633179314054329,1.625440494455831,1.6395752561985153,1,0,1,1,8,1.3333333333333335,1e-05
12.246,12.579,1.1119151756506429e+17,1.2811354769420611e+17,0.42468637281332305,0.42154626307456056,0.42767671786204975,1,0,2,2,8,1.3333333333333335,1e-05
17.759,31.803,1.322482001230866e+18,8.839345300897006e+20,0.46269240715197674,0.46039482559917605,0.46306319893308323,1,0,3,3,8,1.3333333333333335,1e-05
0.34800000000000003,2.347,203780039488487.88,5361407285960404.0,1.634990552746349,1.6273160631134682,1.6411531218916073,1,0,1,1,8,2.166666666666667,1e-05
7.7090000000000005,7.7620000000000005,5.667247824043982e+16,5.84209500424189e+16,0.5730548489382707,0.5709967351824949,0.5750919174470412,1,0,2,2,8,2.166666666666667,1e-05
12.877,21.948,1.701755801897098e+18,8.835479570095127e+20,0.6889363720571892,0.6867341521925672,0.6893006332788554,1,0,3,3,8,2.166666666666667,1e-05
0.3,2.37,188360210352616.94,5586552823727564.0,1.6367449371969,1.6291452569337286,1.6425301401747658,1,0,1,1,8,3.0,1e-05
6.018,6.037,4.157118271984563e+16,4.211481681889256e+16,0.6839985802120675,0.6823601707079309,0.6856362442336903,1,0,2,2,8,3.0,1e-05
10.501,17.532,1.7630452036054236e+18,8.832889578305676e+20,0.8832642131811197,0.8808233036482099,0.8836658094270556,1,0,3,3,8,3.0,1e-05
0.262,2.388,176976503279117.4,5773805425866728.0,1.6384607939153897,1.631065862538136,1.6436673128422234,1,0,1,1,8,3.8333333333333335,1e-05
9.119,15.042,1.7212530925968504e+18,8.830420384181277e+20,1.052576293360474,1.0497829634667255,1.0530221883218327,1,0,2,2,8,3.8333333333333335,1e-05
0.231,2.406,168195395432014.2,5967759161885669.0,1.6401376535518823,1.6330013925867015,1.644614409283806,1,0,1,1,8,4.666666666666667,1e-05
8.258000000000001,13.437000000000001,1.7481519211040512e+18,8.836311723607434e+20,1.2016994205976446,1.1987860855303907,1.2021703144396934,1,0,2,2,8,4.666666666666667,1e-05
0.20700000000000002,2.4250000000000003,161695090512768.06,6178786253719663.0,1.641779497749309,1.634929347391835,1.6453965114685087,1,0,1,1,8,5.5,1e-05
7.631,12.309000000000001,1.7095604845143836e+18,8.833976179413096e+20,1.334159853192979,1.3309883648640137,1.3346699782572924,1,0,2,2,8,5.5,1e-05
0.188,2.445,156725688137928.34,6408247959388496.0,1.6433976511171537,1.6368568963148569,1.6460547201650035,1,0,1,1,8,6.333333333333334,1e-05
7.1770000000000005,11.484,1.6840031173503232e+18,8.824849660195195e+20,1.4527101204269943,1.449338019551199,1.453290482585917,1,0,2,2,8,6.333333333333334,1e-05
0.17200000000000001,2.469,152658250025746.34,6690918098348510.0,1.6449945397669297,1.6387579881975822,1.646620272066577,1,0,1,1,8,7.166666666666667,1e-05
6.827,10.848,1.6574558748107827e+18,8.823775220040852e+20,1.5594961246031838,1.5559190677789716,1.56006277807779,1,0,2,2,8,7.166666666666667,1e-05
0.159,2.486,149430959717300.94,6906498282001441.0,1.6466007365896933,1.6407770344908044,1.6476600098321328,1,0,1,1,8,8.0,1e-05
6.551,10.348,1.633771380330988e+18,8.816048809914477e+20,1.6562237366995476,1.652461654936047,1.6568343250166393,1,0,2,2,8,8.0,1e-05
0.41200000000000003,2.184,236196251168993.78,5125611139482679.0,1.735760136251648,1.727596926695876,1.7426481927868063,1,0,1,1,9,0.5,1e-05
40.34,74.087,1.2862355715370662e+18,8.845767614740753e+20,0.19348061280082599,0.19216444071325198,0.1936983164533752,1,0,2,2,9,0.5,1e-05
0.359,2.202,215387454578417.88,5305510883132972.0,1.737637709756348,1.7294934256322705,1.7443974582583566,1,0,1,1,9,1.4444444444444444,1e-05
11.426,11.732000000000001,1.10964060962193e+17,1.2756072875505338e+17,0.4553032796002384,0.45203918649556474,0.45842197847052957,1,0,2,2,9,1.4444444444444444,1e-05
16.44,29.706,1.234733194365426e+18,8.843150967382594e+20,0.4949940564313628,0.4924305901132891,0.4954016897801859,1,0,3,3,9,1.4444444444444444,1e-05
0.311,2.22,198108710632303.56,5492078309790108.0,1.7394690261479122,1.7314028828089383,1.745956959255904,1,0,1,1,9,2.388888888888889,1e-05
7.099,7.146,5.535803640903962e+16,5.699474037528766e+16,0.6192123376538121,0.61708291703696,0.6213205162223675,1,0,2,2,9,2.388888888888889,1e-05
11.802,20.317,1.563458803893402e+18,8.838892430022562e+20,0.7435079863417389,0.7410024249121419,0.7439147015772959,1,0,3,3,9,2.388888888888889,1e-05
0.27,2.24,184438367709487.44,5705963442571320.0,1.7412457024950097,1.7332972543689966,1.747294851229173,1,0,1,1,9,3.333333333333333,1e-05
5.543,5.563,4.078044442360966e+16,4.139004743226339e+16,0.7417951669053299,0.7399576903222541,0.7436235894758819,1,0,2,2,9,3.333333333333333,1e-05
9.651,16.227,1.661455031479536e+18,8.835584099178224e+20,0.953671241539273,0.9509910806367665,0.9541729079927315,1,0,3,3,9,3.333333333333333,1e-05
0.23600000000000002,2.2560000000000002,173811328049914.06,5887031060820853.0,1.7429884118780692,1.7352781677665596,1.7484180383769639,1,0,1,1,9,4.277777777777778,1e-05
8.408,13.941,1.6555388770303386e+18,8.833849111255358e+20,1.134350192275116,1.131403016021069,1.1348493257227448,1,0,2,2,9,4.277777777777778,1e-05
0.21,2.274,166096976483534.44,6095403773311458.0,1.7446812334671482,1.737222710598943,1.7493380053761243,1,0,1,1,9,5.222222222222222,1e-05
7.606,12.473,1.6316738591450895e+18,8.826154085442827e+20,1.2916573403219604,1.2884349758250775,1.292170821353965,1,0,2,2,9,5.222222222222222,1e-05
0.189,2.2920000000000003,160113885586290.8,6311615260966138.0,1.7463471031809181,1.7391854684586814,1.7501097216270147,1,0,1,1,9,6.166666666666666,1e-05
7.049,11.459,1.6061671137160873e+18,8.833717275656415e+20,1.4299885134422194,1.4265257723651064,1.4306069278330475,1,0,2,2,9,6.166666666666666,1e-05
0.17200000000000001,2.311,155426932121980.84,6547365841297352.0,1.7479907105064048,1.7411474306850359,1.7507639011946088,1,0,1,1,9,7.111111111111111,1e-05
6.642,10.713000000000001,1.5815699454685942e+18,8.822436904342255e+20,1.5526992665150399,1.5490093915561354,1.5534465861952675,1,0,2,2,9,7.111111111111111,1e-05
0.158,2.331,151669554682759.12,6804743553560676.0,1.749621348672974,1.7431339415637472,1.7513271495910991,1,0,1,1,9,8.055555555555555,1e-05
6.331,10.142,1.5603753617609226e+18,8.816966168499685e+20,1.6623315078262149,1.6584585966649352,1.662944150721363,1,0,2,2,9,8.055555555555555,1e-05
0.146,2.347,148520496522054.75,7023160737900372.0,1.7512543217776881,1.745192044165566,1.7523423809809013,1,0,1,1,9,9.0,1e-05
6.067,9.69,1.4912657403617137e+18,8.81848518556742e+20,1.760923084991224,1.7566409121335704,1.7615828011821737,1,0,2,2,9,9.0,1e-05
0.372,2.085,228129425376922.12,5250091883065796.0,1.8298275401157966,1.8212944467992165,1.8370656618847339,1,0,1,1,10,0.5,1e-05
41.095,74.09400000000001,1.482164730511315e+18,8.845680657147916e+20,0.19350766120895296,0.19238251770429882,0.19369850312579323,1,0,2,2,10,0.5,1e-05
0.325,2.102,209283918107083.12,5432959418396777.0,1.831708870008763,1.8232130575436796,1.838776369979677,1,0,1,1,10,1.5555555555555556,1e-05
10.701,10.999,1.092299575149599e+17,1.2621389505740531e+17,0.484887882094345,0.48132000243557876,0.488271768664366,1,0,2,2,10,1.5555555555555556,1e-05
15.332,27.92,1.1651766350422784e+18,8.841633260681274e+20,0.5265799142213495,0.5237657662829126,0.5270217766888857,1,0,3,3,10,1.5555555555555556,1e-05
0.28200000000000003,2.117,193390272755105.06,5602133739916100.0,1.8335562230626221,1.8251898694846973,1.8403040303727123,1,0,1,1,10,2.611111111111111,1e-05
6.594,6.6370000000000005,5.410900645178354e+16,5.567566350478205e+16,0.66371150442306,0.661469775808669,0.6659291886478136,1,0,2,2,10,2.611111111111111,1e-05
10.981,18.97,1.524730445006525e+18,8.839742624713656e+20,0.7960045978066987,0.7933690540625178,0.7964287513661575,1,0,3,3,10,2.611111111111111,1e-05
0.246,2.136,181006943772756.56,5819814430406420.0,1.8353372184438528,1.8271044146225814,1.8416031697026052,1,0,1,1,10,3.666666666666667,1e-05
5.152,5.17,3.990773932176035e+16,4.048565007575808e+16,0.7961721615040056,0.794298102422647,0.798040435116923,1,0,2,2,10,3.666666666666667,1e-05
8.958,15.157,1.5734705799999334e+18,8.837442839316536e+20,1.0204330620462947,1.0175224987360416,1.0210041646572483,1,0,3,3,10,3.666666666666667,1e-05
0.216,2.152,171287379515936.88,6012769995167658.0,1.8370843342981094,1.829084396408459,1.842696700382323,1,0,1,1,10,4.722222222222222,1e-05
7.812,13.039,1.5638368978287754e+18,8.83544969998357e+20,1.210978183181553,1.2077671557928666,1.2114877796536716,1,0,2,2,10,4.722222222222222,1e-05
0.193,2.169,164188597768629.16,6223930001725736.0,1.8387875395717341,1.8310514614889346,1.843595422797999,1,0,1,1,10,5.777777777777778,1e-05
7.0840000000000005,11.697000000000001,1.541129703706023e+18,8.826894248448573e+20,1.3750788036644033,1.371589581131457,1.3756277645384596,1,0,2,2,10,5.777777777777778,1e-05
0.17400000000000002,2.186,158543809782327.12,6442952987432506.0,1.840466107588222,1.833039042616997,1.8443548805064718,1,0,1,1,10,6.833333333333334,1e-05
6.58,10.77,1.515581889799299e+18,8.830568914817662e+20,1.5180488499108864,1.5143028578455167,1.5186337025113175,1,0,2,2,10,6.833333333333334,1e-05
0.159,2.204,154223645872377.34,6682393342808848.0,1.8421222407464006,1.8350256501466784,1.8449975888864045,1,0,1,1,10,7.888888888888889,1e-05
6.21,10.088000000000001,1.4925307958992105e+18,8.819190866445004e+20,1.6438271720512183,1.639851334665269,1.6444440096713786,1,0,2,2,10,7.888888888888889,1e-05
0.146,2.221,150574004257074.12,6918956252762936.0,1.84377318566858,1.8370713492039654,1.845555964455516,1,0,1,1,10,8.944444444444445,1e-05
5.93,9.571,1.4716880470934646e+18,8.81888970384898e+20,1.7554012934440166,1.7512238843300625,1.7560554178481396,1,0,2,2,10,8.944444444444445,1e-05
0.136,2.236,147825201753620.06,7137639979662339.0,1.8454199770443964,1.8391563989224746,1.8465294246569939,1,0,1,1,10,10.0,1e-05
5.711,9.163,1.4570677526926746e+18,8.823330811526612e+20,1.8551145833811147,1.8507675099878205,1.8558090543141113,1,0,2,2,10,10.0,1e-05
0.339,2.005,220992770963797.25,5378475196643262.0,1.9150274635319442,1.9061591430956846,1.9225757173212485,1,0,1,1,11,0.5,1e-05
41.678000000000004,74.124,1.652176448057638e+18,8.845787163673997e+20,0.1935262111972334,0.19253041460128284,0.19369817086847402,1,0,2,2,11,0.5,1e-05
0.297,2.02,203871310502329.06,5552026307799720.0,1.916908102812707,1.9081214107081288,1.9242378837389449,1,0,1,1,11,1.6666666666666667,1e-05
10.08,10.36,1.0781273726670382e+17,1.2450109289645326e+17,0.5138039065385661,0.5100553311686125,0.5173579802630162,1,0,2,2,11,1.6666666666666667,1e-05
14.382,26.357,1.106414231474441e+18,8.841660332640601e+20,0.5574780057873694,0.5544190265618126,0.5579531616502259,1,0,3,3,11,1.6666666666666667,1e-05
0.258,2.037,189145819496077.78,5754050464202819.0,1.9187430838121309,1.910054886098017,1.925728909007342,1,0,1,1,11,2.8333333333333335,1e-05
6.1690000000000005,6.2090000000000005,5.284031878997117e+16,5.435521983057547e+16,0.706399754529273,0.7040532816992277,0.7087193656878217,1,0,2,2,11,2.8333333333333335,1e-05
10.265,17.834,1.4526458448990976e+18,8.838838942024739e+20,0.8465230112808152,0.8436812118260922,0.8469762243722809,1,0,3,3,11,2.8333333333333335,1e-05
0.226,2.052,177853373627643.28,5940470689167440.0,1.9205310259023642,1.9120395861334802,1.926984980752169,1,0,1,1,11,4.0,1e-05
4.831,4.841,3.925947530768301e+16,3.9594183369229144e+16,0.8486259446742841,0.8475062479922101,0.8497425813971542,1,0,2,2,11,4.0,1e-05
8.376,14.257,1.495770363344982e+18,8.829723552461328e+20,1.083843695154018,1.0807097813766382,1.0843401936016388,1,0,3,3,11,4.0,1e-05
0.2,2.067,169170959430281.44,6133324259281750.0,1.922275309822912,1.9140342378550301,1.9280354614669428,1,0,1,1,11,5.166666666666667,1e-05
7.331,12.299,1.5008494853333084e+18,8.833767844578793e+20,1.2829499409441063,1.2795493035257004,1.2836800223658238,1,0,2,2,11,5.166666666666667,1e-05
0.179,2.083,162466045058993.2,6344973690270494.0,1.9239814195622613,1.9160190716039822,1.9289150786535358,1,0,1,1,11,6.333333333333334,1e-05
6.652,11.055,1.462573245655742e+18,8.827287616038065e+20,1.4526729213386225,1.4489283475019095,1.4532525978704347,1,0,2,2,11,6.333333333333334,1e-05
0.162,2.1,157231060582396.4,6576956712255924.0,1.9256589850972134,1.917998194508667,1.9296562545531502,1,0,1,1,11,7.5,1e-05
6.192,10.203,1.4402184358007516e+18,8.827620960034912e+20,1.5992622073839258,1.5952663076179558,1.5998918998888683,1,0,2,2,11,7.5,1e-05
0.148,2.117,153045582619108.8,6818336599614932.0,1.9273220234555273,1.9200196337012931,1.9302896720396827,1,0,1,1,11,8.666666666666668,1e-05
5.857,9.578,1.4183296996034122e+18,8.829868338366193e+20,1.727269622326647,1.723031201506866,1.7279201494727805,1,0,2,2,11,8.666666666666668,1e-05
0.137,2.1310000000000002,149835117709703.6,7027970838400470.0,1.9289820705108554,1.9221057342328058,1.9308354684715894,1,0,1,1,11,9.833333333333334,1e-05
5.602,9.103,1.4006804196801334e+18,8.820215503273402e+20,1.8400679462715028,1.835633187989897,1.840756115857287,1,0,2,2,11,9.833333333333334,1e-05
0.127,2.146,146973967190293.3,7258441820611060.0,1.9306314990946463,1.9241826021435404,1.9317580867290718,1,0,1,1,11,11.0,1e-05
5.401,8.726,1.3813758508054674e+18,8.816449340309037e+20,1.9402989004327422,1.9356502487987315,1.941006142263397,1,0,2,2,11,11.0,1e-05
0.312,1.938,214943572273315.5,5496793113276310.0,1.9925869166244314,1.9834456043356432,2.0003945469925575,1,0,1,1,12,0.5,1e-05
42.269,74.19500000000001,1.829778898667004e+18,8.84534354874608e+20,0.19353837135301105,0.19265230825137836,0.19370229853740786,1,0,2,2,12,0.5,1e-05
0.273,1.952,198830493615513.8,5668929689705418.0,1.9944609725039026,1.9854173762390412,2.002024336177364,1,0,1,1,12,1.7777777777777777,1e-05
9.516,9.787,1.0496238164863016e+17,1.2157448872593472e+17,0.5414411917591868,0.5374227362143784,0.5452683386721232,1,0,2,2,12,1.7777777777777777,1e-05
13.567,25.001,1.0592221642807736e+18,8.839570573801585e+20,0.5877178283993919,0.584438272181057,0.5882226373603361,1,0,3,3,12,1.7777777777777777,1e-05
0.23900000000000002,1.968,185759539594269.47,5870595906334938.0,1.996279588667439,1.987360889226762,2.0034460037983117,1,0,1,1,12,3.0555555555555554,1e-05
5.806,5.841,5.162469301164002e+16,5.29938744012629e+16,0.7473667097884837,0.745060181784093,0.7496513514698466,1,0,2,2,12,3.0555555555555554,1e-05
9.621,16.862000000000002,1.348484966101827e+18,8.835575101333994e+20,0.8951762553218969,0.8920656202417341,0.8956732473043855,1,0,3,3,12,3.0555555555555554,1e-05
0.21,1.982,175284062624037.12,6055132491556566.0,1.998059916202848,1.9893545901824803,2.0046629387397137,1,0,1,1,12,4.333333333333333,1e-05
7.888,13.5,1.4271213753207355e+18,8.834564245545589e+20,1.1441618738891464,1.1408141748381038,1.1446865031022688,1,0,2,2,12,4.333333333333333,1e-05
0.187,1.997,167393742673575.47,6258278874526058.0,1.9997918427180805,1.9913336732403053,2.0056742044234737,1,0,1,1,12,5.611111111111111,1e-05
6.91,11.669,1.4161749624468298e+18,8.82586141406145e+20,1.350662510266468,1.3469868431186707,1.3512333846911702,1,0,2,2,12,5.611111111111111,1e-05
0.168,2.012,161141665247324.12,6468633255557784.0,2.0014938240384645,1.9933332147320537,2.0065296102073744,1,0,1,1,12,6.888888888888888,1e-05
6.291,10.516,1.3938202726766848e+18,8.819062440648846e+20,1.525041214436287,1.5210604943903292,1.5256542019152277,1,0,2,2,12,6.888888888888888,1e-05
0.152,2.0300000000000002,156055879692257.16,6727044354630832.0,2.0031630088314323,1.995289598638139,2.007258729543623,1,0,1,1,12,8.166666666666666,1e-05
5.8660000000000005,9.724,1.3705657942056018e+18,8.819742492867253e+20,1.6744362892161544,1.6701806560311805,1.675086768665039,1,0,2,2,12,8.166666666666666,1e-05
0.139,2.043,152041110064409.06,6926317660895760.0,2.0048346467793734,1.9973730358507717,2.00788016061767,1,0,1,1,12,9.444444444444443,1e-05
5.5600000000000005,9.149000000000001,1.351096237492932e+18,8.824814538515574e+20,1.8039755551473025,1.7994821472294438,1.804658437344116,1,0,2,2,12,9.444444444444443,1e-05
0.129,2.057,149023189374830.88,7146167622157474.0,2.0064892406819457,1.9994420951304417,2.0084146284965403,1,0,1,1,12,10.722222222222221,1e-05
5.327,8.712,1.3339234783586665e+18,8.817500649764482e+20,1.917450558962992,1.9127428154523418,1.9181853126232205,1,0,2,2,12,10.722222222222221,1e-05
0.12,2.071,146357471682853.03,7373429276593102.0,2.0081372364838983,2.0015361079467984,2.0092756447009545,1,0,1,1,12,12.0,1e-05
5.143,8.366,1.3175156097340908e+18,8.819545291394031e+20,2.0177335662474762,2.012826727712582,2.0184900780102843,1,0,2,2,12,12.0,1e-05
0.29,1.8820000000000001,209955971966128.06,5617248346102364.0,2.063503701174798,2.0541217495366166,2.0715267400752193,1,0,1,1,13,0.5,1e-05
42.715,74.22,1.9809584428573573e+18,8.846420074357005e+20,0.19355336694027553,0.1927373724195907,0.1936985132325489,1,0,2,2,13,0.5,1e-05
0.254,1.897,194882941636591.66,5810817056678241.0,2.0653567277324356,2.0560536793096316,2.0731123044825877,1,0,1,1,13,1.8888888888888888,1e-05
9.022,9.274000000000001,1.0252054974725712e+17,1.1833476242348227e+17,0.5685251462683003,0.5643731709301,0.5724846282637222,1,0,2,2,13,1.8888888888888888,1e-05
12.853,23.802,1.0186880070503944e+18,8.836641033876679e+20,0.6173225403712055,0.613830344592014,0.6178553396845489,1,0,3,3,13,1.8888888888888888,1e-05
0.223,1.9100000000000001,182763963409683.2,5986137657197561.0,2.067168472532828,2.0580467294187073,2.074486997053036,1,0,1,1,13,3.2777777777777777,1e-05
5.495,5.527,5.05562549628428e+16,5.184737234766964e+16,0.7873080512661979,0.7849701799382067,0.7896235892038713,1,0,2,2,13,3.2777777777777777,1e-05
9.128,16.016000000000002,1.3335748126939208e+18,8.832856678885383e+20,0.9421232904137944,0.9388938918348676,0.9426283781458599,1,0,3,3,13,3.2777777777777777,1e-05
0.197,1.924,173175695369982.94,6179803385973978.0,2.068929714637837,2.06001886020975,2.0756559682369002,1,0,1,1,13,4.666666666666666,1e-05
7.469,12.849,1.365434258572439e+18,8.832430096046385e+20,1.2016185809721212,1.198062645173128,1.2021705442303174,1,0,2,2,13,4.666666666666666,1e-05
0.17500000000000002,1.938,165452682869572.6,6380093156834726.0,2.070655077533459,2.062009134745249,2.076651176407606,1,0,1,1,13,6.055555555555555,1e-05
6.555,11.132,1.3524494516252982e+18,8.823937236285863e+20,1.414530169030918,1.4106284407787364,1.4151290359331377,1,0,2,2,13,6.055555555555555,1e-05
0.158,1.956,159719701350945.84,6642280725131110.0,2.0723297179458813,2.0639236914290375,2.077475235672055,1,0,1,1,13,7.444444444444445,1e-05
5.986,10.062,1.3323525895259574e+18,8.822187420633727e+20,1.5927180506022756,1.5885114599553323,1.5933778897684516,1,0,2,2,13,7.444444444444445,1e-05
0.14400000000000002,1.968,155146160960330.97,6830106142101298.0,2.074010537633394,2.0660021521109875,2.078177447723651,1,0,1,1,13,8.833333333333332,1e-05
5.596,9.324,1.3164230470176768e+18,8.819912135112479e+20,1.7442217585315443,1.7397701969149313,1.744922522626551,1,0,2,2,13,8.833333333333332,1e-05
0.132,1.981,151329230888186.44,7038130845796643.0,2.075671460885086,2.0680638500622988,2.0787857216606764,1,0,1,1,13,10.222222222222221,1e-05
5.309,8.787,1.2901838700398868e+18,8.81964730720608e+20,1.8747475721761373,1.870008428554752,1.8754610754842702,1,0,2,2,13,10.222222222222221,1e-05
0.122,1.994,148219883749860.53,7252888843862184.0,2.0773206927996166,2.070145969095913,2.079314293627728,1,0,1,1,13,11.61111111111111,1e-05
5.093,8.378,1.274797691405127e+18,8.817167276035175e+20,1.9884551589184456,1.9835018083092713,1.9891975919165412,1,0,2,2,13,11.61111111111111,1e-05
0.114,2.009,145778162269068.9,7505648513843989.0,2.0789549035671455,2.07218714718556,2.0801057909191076,1,0,1,1,13,13.0,1e-05
4.924,8.057,1.2614907881079332e+18,8.822280522912259e+20,2.0884621047897842,2.083313398418499,2.0892312984377277,1,0,2,2,13,13.0,1e-05
0.27,1.835,205000576470365.7,5744028098052481.0,2.1286213882725513,2.1190058920899277,2.1368533409856068,1,0,1,1,14,0.5,1e-05
43.062,74.281,2.095525179292845e+18,8.846731607878892e+20,0.19356045251368847,0.19279939767494206,0.19370057553610454,1,0,2,2,14,0.5,1e-05
0.23700000000000002,1.848,191054449540641.0,5922047794768677.0,2.1304607180313755,2.1209701914939725,2.138383548318354,1,0,1,1,14,2.0,1e-05
8.573,8.806000000000001,9.962956664456832e+16,1.1443985966533011e+17,0.5947812228374757,0.5904851235280759,0.5988428125590906,1,0,2,2,14,2.0,1e-05
12.224,22.735,9.839485548969715e+17,8.840311301185373e+20,0.6463153052799103,0.642623886743939,0.6468744143335787,1,0,3,3,14,2.0,1e-05
0.209,1.861,179961246555135.38,6105318689488140.0,2.1322474083853673,2.122935631366501,2.139701593511871,1,0,1,1,14,3.5,1e-05
5.22,5.25,4.941944567197289e+16,5.066276159453552e+16,0.8254358696185125,0.8230228650503866,0.827830007708186,1,0,2,2,14,3.5,1e-05
8.667,15.278,1.2820529321270272e+18,8.832052414789558e+20,0.9874103115989611,0.9839936366887403,0.9879401532706537,1,0,3,3,14,3.5,1e-05
0.185,1.874,170959994981018.4,6294589568062257.0,2.1339937863147993,2.124916933604502,2.140832267911423,1,0,1,1,14,5.0,1e-05
7.105,12.283,1.310835200061973e+18,8.826083140007308e+20,1.2564220288305246,1.25266794449077,1.2569999831384253,1,0,2,2,14,5.0,1e-05
0.166,1.8880000000000001,164152305307233.75,6503883136359612.0,2.1356957984941993,2.126884028355707,2.1417749945460693,1,0,1,1,14,6.5,1e-05
6.257000000000001,10.677,1.2981081846812844e+18,8.827604909079711e+20,1.4748706672172602,1.4707706241460867,1.4755032964346613,1,0,2,2,14,6.5,1e-05
0.15,1.903,158627799759615.25,6735258685233615.0,2.1373690451695473,2.1288598438413193,2.142580174251253,1,0,1,1,14,8.0,1e-05
5.721,9.665000000000001,1.2767071826546568e+18,8.830792273175123e+20,1.656147477961025,1.6517236798593062,1.6568163913594134,1,0,2,2,14,8.0,1e-05
0.137,1.915,154274880050402.25,6930393736346181.0,2.1390344793025067,2.1309150879141496,2.143264469685323,1,0,1,1,14,9.5,1e-05
5.356,8.975,1.2565565626680233e+18,8.82905365862112e+20,1.8091969419702743,1.8044894164849345,1.8099040887840754,1,0,2,2,14,9.5,1e-05
0.126,1.928,150684126276917.44,7146771895362834.0,2.140680495667757,2.1329503525415565,2.1438571289478108,1,0,1,1,14,11.0,1e-05
5.091,8.474,1.2385308066771564e+18,8.817464662969363e+20,1.9402647766249417,1.935304454592213,1.941006586500092,1,0,2,2,14,11.0,1e-05
0.116,1.941,147491660941648.3,7370299434919888.0,2.142316814772089,2.135009366447553,2.144379788694025,1,0,1,1,14,12.5,1e-05
4.893,8.094,1.2243003711707794e+18,8.816436118016822e+20,2.0538643674482615,2.048688791234043,2.054660633891676,1,0,2,2,14,12.5,1e-05
0.108,1.956,144986106948636.7,7633784088562724.0,2.143937469255728,2.1370261275875237,2.1450968981243754,1,0,1,1,14,14.0,1e-05
4.736,7.7940000000000005,1.2098035627386148e+18,8.824932664476977e+20,2.153334693868126,2.1479542469573625,2.154132102819033,1,0,2,2,14,14.0,1e-05
0.253,1.793,200704480924890.9,5847803258024306.0,2.188649564716068,2.178859652246294,2.197045371571317,1,0,1,1,15,0.5,1e-05
43.53,74.31,2.2718604977762458e+18,8.846600769441164e+20,0.1935706357597717,0.192872510123928,0.19369851567098828,1,0,2,2,15,0.5,1e-05
0.223,1.806,187912251755468.5,6034131783840630.0,2.190454865463901,2.180795336524028,2.198511952151558,1,0,1,1,15,2.111111111111111,1e-05
8.189,8.396,9.782525844445898e+16,1.1124308774343146e+17,0.6207657731755122,0.6165596299719123,0.624783982239484,1,0,2,2,15,2.111111111111111,1e-05
11.595,21.789,9.072233634285594e+17,8.837019829391402e+20,0.6746895230210279,0.6705850911398192,0.6753017785881182,1,0,3,3,15,2.111111111111111,1e-05
0.197,1.818,177481379086609.06,6211595212349454.0,2.1922231568208685,2.1827691424236435,2.199786750326361,1,0,1,1,15,3.7222222222222223,1e-05
4.979,5.008,4.840064757992266e+16,4.962753711131005e+16,0.8626903976391721,0.8601584136585885,0.865196564078913,1,0,2,2,15,3.7222222222222223,1e-05
8.264,14.632,1.2359922064947825e+18,8.837212413418734e+20,1.0311462472281847,1.027552334788748,1.031699394219979,1,0,3,3,15,3.7222222222222223,1e-05
0.17500000000000002,1.831,169102683807563.8,6408569558179852.0,2.1939456512693303,2.1847244984722805,2.2008746849291496,1,0,1,1,15,5.333333333333334,1e-05
6.793,11.793000000000001,1.26151329913813e+18,8.826867915423732e+20,1.308760163144781,1.3048205218570945,1.3093615801717646,1,0,2,2,15,5.333333333333334,1e-05
0.157,1.845,162540567260763.0,6626601415877282.0,2.1956281526110843,2.186665452663018,2.2017935247830263,1,0,1,1,15,6.944444444444445,1e-05
5.988,10.267,1.2466339805188526e+18,8.820509560891048e+20,1.531976528890074,1.5276678494204659,1.532628365565604,1,0,2,2,15,6.944444444444445,1e-05
0.14300000000000002,1.858,157611616121638.75,6837888737361365.0,2.1972890886001553,2.188671943693694,2.202560242824913,1,0,1,1,15,8.555555555555555,1e-05
5.492,9.324,1.227617990590012e+18,8.825721177130462e+20,1.7157343908077523,1.711108529222245,1.7164284081121497,1,0,2,2,15,8.555555555555555,1e-05
0.13,1.87,153166560574848.03,7040390021133144.0,2.198938687853687,2.1906984270258714,2.2032371859948343,1,0,1,1,15,10.166666666666668,1e-05
5.15,8.674,1.208832212126496e+18,8.829814390612256e+20,1.8698528395785114,1.8649402381010804,1.870585413301891,1,0,2,2,15,10.166666666666668,1e-05
0.12,1.883,149832346294107.2,7265147424975272.0,2.200566416810357,2.192705696323536,2.2038102242341684,1,0,1,1,15,11.777777777777779,1e-05
4.904,8.203,1.1913020499163983e+18,8.829190116456543e+20,2.001106326729618,1.995937692033776,2.00187240344628,1,0,2,2,15,11.777777777777779,1e-05
0.111,1.8960000000000001,146893104658576.8,7497488451765070.0,2.2021854507729053,2.194738613837905,2.2043172425833215,1,0,1,1,15,13.38888888888889,1e-05
4.719,7.847,1.178371202457049e+18,8.818367085754526e+20,2.1143296228535045,2.1089455249305353,2.115125426034919,1,0,2,2,15,13.38888888888889,1e-05
0.10400000000000001,1.9100000000000001,144646777952829.7,7754684711801214.0,2.2037934820465073,2.1967657252828383,2.2049583996663285,1,0,1,1,15,15.0,1e-05
4.573,7.567,1.165024301772224e+18,8.816840855582582e+20,2.213069184091682,2.2074802885973797,2.2139112815046786,1,0,2,2,15,15.0,1e-05
0.23800000000000002,1.7570000000000001,196773117631704.44,5957527556544132.0,2.244158837913076,2.234204473051824,2.2527071591637697,1,0,1,1,16,0.5,1e-05
43.741,74.388,2.3396048372153687e+18,8.846426655098187e+20,0.19357407573046634,0.19291428746328554,0.1936988102885962,1,0,2,2,16,0.5,1e-05
0.21,1.7690000000000001,184753835996117.62,6136162871151066.0,2.2459430445284787,2.236140331120484,2.2541257537599537,1,0,1,1,16,2.2222222222222223,1e-05
7.825,8.014,9.479889542213194e+16,1.0710817725035549e+17,0.6454417267633634,0.6411767685849646,0.6494976510791338,1,0,2,2,16,2.2222222222222223,1e-05
11.142,20.929000000000002,9.07696518388141e+17,8.835972316360716e+20,0.70252484091008,0.6983692129621657,0.7031585417533611,1,0,3,3,16,2.2222222222222223,1e-05
0.186,1.782,175031843804496.88,6335926123209029.0,2.2476774701294056,2.2380545914504624,2.255350956072179,1,0,1,1,16,3.9444444444444446,1e-05
4.766,4.792,4.735581048196947e+16,4.84768885172151e+16,0.8981078930978972,0.8956274858845742,0.9005710220300802,1,0,2,2,16,3.9444444444444446,1e-05
7.909,14.058,1.1950214427950195e+18,8.832319618469007e+20,1.0734121432254085,1.0696511418077208,1.0739955736556552,1,0,3,3,16,3.9444444444444446,1e-05
0.166,1.794,167317378838220.2,6526375489490804.0,2.249379218048544,2.240019084333182,2.256391328073803,1,0,1,1,16,5.666666666666667,1e-05
6.513,11.355,1.2165629544112753e+18,8.824330665929249e+20,1.358799784407008,1.3546778707418228,1.3594244346182183,1,0,2,2,16,5.666666666666667,1e-05
0.15,1.808,161390280395888.88,6753072491833585.0,2.251036028451201,2.2419318498904435,2.2572659957332917,1,0,1,1,16,7.388888888888889,1e-05
5.757000000000001,9.915000000000001,1.2013779797820385e+18,8.828513826074101e+20,1.5861093318926858,1.581611848634154,1.5868336975890878,1,0,2,2,16,7.388888888888889,1e-05
0.136,1.819,156374095835328.03,6941595432936190.0,2.252689730569246,2.2439718961675164,2.258024358579893,1,0,1,1,16,9.11111111111111,1e-05
5.2860000000000005,9.02,1.176534897811434e+18,8.829908906543082e+20,1.771822978335783,1.7669566213679782,1.7725574712587633,1,0,2,2,16,9.11111111111111,1e-05
0.124,1.831,152197310279517.8,7151288151841678.0,2.25431832326713,2.2459669023874778,2.258678625585829,1,0,1,1,16,10.833333333333334,1e-05
4.968,8.406,1.1643985744593103e+18,8.820588717897236e+20,1.9266161213244093,1.9215007179351475,1.9273735107058554,1,0,2,2,16,10.833333333333334,1e-05
0.115,1.843,149137849215798.1,7367669521014356.0,2.2559303286483856,2.2479834948057698,2.2592308560425565,1,0,1,1,16,12.555555555555557,1e-05
4.739,7.966,1.148266170982286e+18,8.813480129069617e+20,2.057769140431123,2.0523958821823056,2.0585778944413105,1,0,2,2,16,12.555555555555557,1e-05
0.106,1.856,146139013691779.84,7608062857076110.0,2.25753111256513,2.249987918033979,2.2597302012995746,1,0,1,1,16,14.277777777777779,1e-05
4.557,7.63,1.114526346699476e+18,8.813592476955084e+20,2.1703887093473617,2.1646412128458232,2.17123211187471,1,0,2,2,16,14.277777777777779,1e-05
0.099,1.87,143848127351942.06,7874397068325216.0,2.259120537447926,2.2519874147645598,2.260288231372631,1,0,1,1,16,16.0,1e-05
4.43,7.3660000000000005,1.1257098521010726e+18,8.808673351524695e+20,2.268271352758237,2.262488352538432,2.2692015888974217,1,0,2,2,16,16.0,1e-05
0.225,1.725,193314248780449.94,6059020616622838.0,2.2956600134195724,2.2855758384674147,2.3043346993213114,1,0,1,1,17,0.5,1e-05
44.2,74.433,2.528888004622369e+18,8.84600934052088e+20,0.1935828858447413,0.19296310187130544,0.19369850502542144,1,0,2,2,17,0.5,1e-05
0.199,1.737,182080687284094.88,6244081051087900.0,2.2974141544371163,2.2874833136721278,2.3057007376226837,1,0,1,1,17,2.333333333333333,1e-05
7.4590000000000005,7.639,8.981111325358442e+16,1.0129401544024525e+17,0.6680103769086413,0.6634607840188449,0.672346859002486,1,0,2,2,17,2.333333333333333,1e-05
10.726,20.147000000000002,9.054597338428882e+17,8.838459102100235e+20,0.7298378873011957,0.7256274739935026,0.7304635786279909,1,0,3,3,17,2.333333333333333,1e-05
0.177,1.75,173081165916026.5,6449808536641492.0,2.299119294752804,2.289373794540713,2.306873121305704,1,0,1,1,17,4.166666666666666,1e-05
4.577,4.602,4.648936521910541e+16,4.758685774726603e+16,0.9331381293825936,0.9305972722714101,0.9356599204438513,1,0,2,2,17,4.166666666666666,1e-05
7.589,13.546000000000001,1.1530439977916324e+18,8.831624927262497e+20,1.1142902806169754,1.1103427473255474,1.1148851688610284,1,0,3,3,17,4.166666666666666,1e-05
0.158,1.762,165663410708875.6,6648707116530796.0,2.3007971545494588,2.2912998136488194,2.3078844420388966,1,0,1,1,17,6.0,1e-05
6.266,10.968,1.174356372198084e+18,8.823967846912371e+20,1.4066948170801026,1.4023936834663417,1.40734157068605,1,0,2,2,17,6.0,1e-05
0.14300000000000002,1.7750000000000001,160031669916217.44,6868287293274932.0,2.3024359288970637,2.29322033813894,2.308730066764624,1,0,1,1,17,7.833333333333333,1e-05
5.55,9.603,1.1540905672461315e+18,8.828736429512602e+20,1.6374980302518531,1.632788465391037,1.6382199528590464,1,0,2,2,17,7.833333333333333,1e-05
0.13,1.7850000000000001,155303734114804.0,7047259445024682.0,2.3040721154438377,2.295257801869497,2.3094618256313875,1,0,1,1,17,9.666666666666666,1e-05
5.11,8.752,1.1425864923878359e+18,8.818342776138254e+20,1.824721595929915,1.8197154114883363,1.8254759483462923,1,0,2,2,17,9.666666666666666,1e-05
0.11900000000000001,1.797,151411240667077.25,7264015963583454.0,2.3056782558448483,2.2972214920803764,2.3100924414827237,1,0,1,1,17,11.5,1e-05
4.808,8.172,1.1251055760665074e+18,8.824294428874496e+20,1.9798593466580154,1.9745594037385192,1.9806395662230238,1,0,2,2,17,11.5,1e-05
0.11,1.809,148298606126383.97,7487795172171522.0,2.307270732149941,2.2992081432497344,2.310635514978006,1,0,1,1,17,13.333333333333332,1e-05
4.594,7.753,1.1136898024085961e+18,8.820717533176078e+20,2.1106677733984767,2.105143883554405,2.1114779799266805,1,0,2,2,17,13.333333333333332,1e-05
0.10200000000000001,1.822,145585210301232.94,7736617292437420.0,2.3088504333593596,2.3011827822932402,2.3111162345670726,1,0,1,1,17,15.166666666666666,1e-05
4.429,7.437,1.0969660371738451e+18,8.812173617466079e+20,2.2225552441216725,2.216774043194541,2.2234285284906687,1,0,2,2,17,15.166666666666666,1e-05
0.095,1.835,143251243109280.62,7994118492516543.0,2.310424625691914,2.3031859427807047,2.311594123481326,1,0,1,1,17,17.0,1e-05
4.3020000000000005,7.188,1.0866668197590662e+18,8.806357345412621e+20,2.319425928459632,2.3134536989311023,2.320407994371134,1,0,2,2,17,17.0,1e-05
0.213,1.698,189964293350726.53,6176805166613559.0,2.3435748007394883,2.333333299458268,2.3523770946765645,1,0,1,1,18,0.5,1e-05
44.469,74.465,2.647483914702381e+18,8.845722165848399e+20,0.19358768771543142,0.19299874516723584,0.19369852070760998,1,0,2,2,18,0.5,1e-05
0.189,1.71,179544316606763.3,6368670631702026.0,2.3452972633232148,2.3352112809920698,2.3536860302940035,1,0,1,1,18,2.4444444444444446,1e-05
7.203,7.356,8.9859625412149e+16,9.992071070638192e+16,0.6934016102376014,0.6892239570634295,0.6974106590352293,1,0,2,2,18,2.4444444444444446,1e-05
10.303,19.448,8.717375770258145e+17,8.832352684669656e+20,0.7565809051670872,0.7521388077600053,0.7572353295820118,1,0,3,3,18,2.4444444444444446,1e-05
0.169,1.722,171293676557184.62,6566775013376460.0,2.3469779326892453,2.3371106834587922,2.3548018509725868,1,0,1,1,18,4.388888888888889,1e-05
4.405,4.428,4.557067010460346e+16,4.659551240326379e+16,0.9663762016869947,0.9638943377276716,0.9688556009271772,1,0,2,2,18,4.388888888888889,1e-05
7.306,13.08,1.1202250074161436e+18,8.829883098806454e+20,1.1538440950837678,1.149751678984815,1.1544605023618095,1,0,3,3,18,4.388888888888889,1e-05
0.151,1.735,164189124573337.44,6787192022441669.0,2.348624829424357,2.3389772981441395,2.3557828311786104,1,0,1,1,18,6.333333333333333,1e-05
6.0440000000000005,10.621,1.1358891872180398e+18,8.831638421535777e+20,1.452585100780556,1.448111781656895,1.453253068260655,1,0,2,2,18,6.333333333333333,1e-05
0.137,1.746,158866844068836.06,6983874998847064.0,2.3502506885264562,2.3409261686268272,2.356598058403806,1,0,1,1,18,8.277777777777779,1e-05
5.371,9.319,1.1272636114556215e+18,8.819276632252969e+20,1.6863668011222548,1.6815461708259127,1.6870838387118758,1,0,2,2,18,8.277777777777779,1e-05
0.125,1.7550000000000001,154440592810179.62,7151966932355716.0,2.3518685655772176,2.3429684739821224,2.357302397993603,1,0,1,1,18,10.222222222222221,1e-05
4.95,8.513,1.1039188628072168e+18,8.824681904291906e+20,1.8746982891170698,1.8695081715439916,1.8754610529959905,1,0,2,2,18,10.222222222222221,1e-05
0.114,1.766,150490138250208.16,7358319830654314.0,2.3534592296482955,2.3449422113162757,2.3579243671311656,1,0,1,1,18,12.166666666666666,1e-05
4.666,7.965,1.0869674189612385e+18,8.82865181793075e+20,2.0299084210371596,2.0244221128268385,2.0307534426952456,1,0,2,2,18,12.166666666666666,1e-05
0.106,1.778,147680586038559.3,7588742011049174.0,2.3550284654343985,2.346897829302572,2.3584441200079422,1,0,1,1,18,14.11111111111111,1e-05
4.462,7.567,1.0738691433350981e+18,8.820271932339246e+20,2.160184405762962,2.15444609440017,2.161042812226554,1,0,2,2,18,14.11111111111111,1e-05
0.098,1.7910000000000001,144922819063670.3,7845149875611377.0,2.3565873789179697,2.3488414316148654,2.3589168926334283,1,0,1,1,18,16.055555555555557,1e-05
4.308,7.266,1.0619016907026111e+18,8.824552911125975e+20,2.271191155621071,2.265234469903474,2.272055214265738,1,0,2,2,18,16.055555555555557,1e-05
0.092,1.804,142888273008549.5,8110637050994664.0,2.358139967767543,2.3508037118289673,2.359324291046954,1,0,1,1,18,18.0,1e-05
4.189,7.031000000000001,1.0530446659655933e+18,8.81963513979959e+20,2.367012662368056,2.360857685661843,2.367911257385661,1,0,2,2,18,18.0,1e-05
0.203,1.673,187233207117500.6,6277052119956146.0,2.3882820445412802,2.377937825844754,2.397175049786021,1,0,1,1,19,0.5,1e-05
44.644,74.551,2.692719364787499e+18,8.845297175391065e+20,0.1935946618476861,0.19302125356945976,0.19376040524590007,1,0,2,2,19,0.5,1e-05
0.18,1.685,177196474335908.72,6475056186754532.0,2.389977217370767,2.379785600326313,2.3984493279722576,1,0,1,1,19,2.5555555555555554,1e-05
6.932,7.089,8.751581876766371e+16,9.795114957596738e+16,0.7170796854145635,0.7125546367680073,0.7214103144960109,1,0,2,2,19,2.5555555555555554,1e-05
9.946,18.8,8.610782988838303e+17,8.840019320944122e+20,0.7828198963349421,0.7782785862125224,0.7835536748143879,1,0,3,3,19,2.5555555555555554,1e-05
0.161,1.697,169307088789533.62,6679588507939692.0,2.39163086255329,2.3816532657373055,2.39952946010746,1,0,1,1,19,4.611111111111111,1e-05
4.251,4.272,4.4747989964489624e+16,4.569730013456509e+16,0.9991158006389271,0.9966683977900419,1.00154467403714,1,0,2,2,19,4.611111111111111,1e-05
7.049,12.662,1.0882031354657882e+18,8.831989574823995e+20,1.1921445173779155,1.1879000705266327,1.1927797262305455,1,0,3,3,19,4.611111111111111,1e-05
0.145,1.709,162934319191091.56,6890897393517240.0,2.393252733046636,2.383523467294105,2.40045493010567,1,0,1,1,19,6.666666666666666,1e-05
5.845,10.307,1.1019523902383611e+18,8.821095514041606e+20,1.4965979921930472,1.4919658642841767,1.4972857072745072,1,0,2,2,19,6.666666666666666,1e-05
0.131,1.721,157553526298521.22,7109186242448028.0,2.394851351008772,2.3854097793434685,2.401259808040065,1,0,1,1,19,8.722222222222221,1e-05
5.203,9.067,1.087270131380763e+18,8.823430544780938e+20,1.7328765810580984,1.7278558076357229,1.7336154033398332,1,0,2,2,19,8.722222222222221,1e-05
0.12,1.728,153449499730981.56,7249425528252434.0,2.3964556641609556,2.3874897242042374,2.4019341775967615,1,0,1,1,19,10.777777777777777,1e-05
4.807,8.299,1.0701548506213837e+18,8.82334692027704e+20,1.9219985781363247,1.9166421335436634,1.9228630590727545,1,0,2,2,19,10.777777777777777,1e-05
0.11,1.739,149810192794815.56,7461694565021524.0,2.3980219099886684,2.389431976078727,2.4025303055310587,1,0,1,1,19,12.833333333333332,1e-05
4.538,7.776,1.054800203076972e+18,8.819826119700776e+20,2.077052526329628,2.071398431111732,2.0779313855192485,1,0,2,2,19,12.833333333333332,1e-05
0.10200000000000001,1.7510000000000001,146960614327462.97,7698894135449076.0,2.3995697671157763,2.3913557776197014,2.4030409052192008,1,0,1,1,19,14.888888888888888,1e-05
4.344,7.398000000000001,1.0395626041184847e+18,8.812401421012795e+20,2.2066337205912094,2.200716729022815,2.207549266663343,1,0,2,2,19,14.888888888888888,1e-05
0.095,1.764,144511535449502.7,7963032778002203.0,2.4011057329932313,2.3932677272217457,2.40349319495059,1,0,1,1,19,16.944444444444443,1e-05
4.199,7.111,1.029882017735804e+18,8.826463706735103e+20,2.3166690526322498,2.310542346967823,2.3175524983099365,1,0,2,2,19,16.944444444444443,1e-05
0.089,1.776,142444493492667.72,8216951578629452.0,2.40264169811635,2.3952309081280467,2.4038931437692863,1,0,1,1,19,19.0,1e-05
4.087,6.889,1.0211106302315032e+18,8.8125217415782e+20,2.411360091552226,2.405044577922459,2.4122692312888305,1,0,2,2,19,19.0,1e-05
