dilution_cycle,species_label,preshift_nutrient_label,stall_biomass,entry_time_hr,exit_time_hr,lag_time_hr,nu_max_preshift,nu_max_postshift,growth_rate_preshift,growth_rate_postshift,K
1,0,0,1.5194574482964636e+16,14.183333333333334,25.884907773148907,11.701574439815573,1,0.5,0.3548056700279498,0.19176860954421507,1e-05
1,0,0,1.5230647351632042e+16,14.166666666666666,24.705313909636008,10.538647242969342,1,0.5555555555555556,0.35515758055547203,0.21193657482252115,1e-05
1,0,0,1.5266270965789984e+16,14.15,23.70832780112612,9.55832780112612,1,0.6111111111111112,0.35551226225646687,0.23164524466173675,1e-05
1,0,0,1.530717339551854e+16,14.15,22.82686152452241,8.67686152452241,1,0.6666666666666666,0.35586470145231514,0.2503011367792524,1e-05
1,0,0,1.530717339551854e+16,14.15,27.676861524522412,13.526861524522412,1,0.6666666666666666,0.35586470145231514,0.2503011367792524,1e-05
1,0,0,1.5348894635690308e+16,14.15,22.17582264861759,8.02582264861759,1,0.7222222222222222,0.35621743158572405,0.2700053128417009,1e-05
1,0,0,1.537167324931172e+16,14.1,21.551933678437,7.451933678436999,1,0.7777777777777778,0.3565704717965422,0.2887241504276766,1e-05
1,0,0,1.540632247167567e+16,14.083333333333334,21.02043617625106,6.937102842917726,1,0.8333333333333333,0.3569238343104169,0.3071712863350793,1e-05
1,0,0,1.5440723763582254e+16,14.066666666666666,20.531121411855864,6.464454745189197,1,0.8888888888888888,0.35727516638661544,0.3253617674298711,1e-05
1,0,0,1.5499413913158054e+16,14.1,20.058670418730003,5.958670418730003,1,0.9444444444444444,0.3576245346013897,0.3412359003250211,1e-05
1,0,0,1.5499413913158054e+16,14.1,20.89200375206333,6.792003752063332,1,0.9444444444444444,0.3576245346013897,0.3412359003250211,1e-05
1,0,0,1.5517380825715704e+16,14.049999999999999,19.705070858308932,5.6550708583089335,1,1.0,0.35798606127098004,0.3591467669093705,1e-05
1,0,0,1.5517380825715704e+16,14.049999999999999,20.438404191642267,6.388404191642268,1,1.0,0.35798606127098004,0.3591467669093705,1e-05
1,0,0,1.503119534387556e+16,7.933333333333334,20.33677669745571,12.403443364122378,2,0.5,0.6336421319044073,0.19245442450106912,1e-05
1,0,0,1.5089621401619848e+16,7.933333333333334,17.168347347279656,9.235014013946323,2,0.6666666666666666,0.6345136840427534,0.25129704301434086,1e-05
1,0,0,1.5143462636253652e+16,7.916666666666667,15.217678407659774,7.301011740993107,2,0.8333333333333333,0.6353799260708657,0.30731429400390353,1e-05
1,0,0,1.5203802260554952e+16,7.916666666666667,13.918529929016442,6.001863262349775,2,1.0,0.6362412476224235,0.36075846532628203,1e-05
1,0,0,1.5203802260554952e+16,7.916666666666667,24.65186326234977,16.735196595683103,2,1.0,0.6362412476224235,0.36075846532628203,1e-05
1,0,0,1.5203802260554952e+16,7.916666666666667,37.93519659568311,30.01852992901644,2,1.0,0.6362412476224235,0.36075846532628203,1e-05
1,0,1,8.85014091396444e+20,44.3,-inf,-inf,2,1.0,0.6362412476224235,0.36075846532628203,1e-05
1,0,0,1.5256348648736562e+16,7.8999999999999995,12.964823562499596,5.064823562499597,2,1.1666666666666665,0.6370978489340491,0.4113398855828639,1e-05
1,0,0,1.5256348648736562e+16,7.8999999999999995,15.131490229166264,7.231490229166265,2,1.1666666666666665,0.6370978489340491,0.4113398855828639,1e-05
1,0,0,1.5256348648736562e+16,7.8999999999999995,39.2148235624996,31.314823562499605,2,1.1666666666666665,0.6370978489340491,0.4113398855828639,1e-05
1,0,1,8.850148659969761e+20,39.56666666666666,,,2,1.1666666666666665,0.6370978489340491,0.4113398855828639,1e-05
1,0,0,1.5328451431219444e+16,7.916666666666667,12.295414835396281,4.378748168729614,2,1.3333333333333333,0.6379710544738814,0.46168264957934113,1e-05
1,0,0,1.5328451431219444e+16,7.916666666666667,15.395414835396279,7.478748168729612,2,1.3333333333333333,0.6379710544738814,0.46168264957934113,1e-05
1,0,0,1.5328451431219444e+16,7.916666666666667,40.21208150206295,32.295414835396286,2,1.3333333333333333,0.6379710544738814,0.46168264957934113,1e-05
1,0,1,8.850148742698825e+20,36.0,-inf,-inf,2,1.3333333333333333,0.6379710544738814,0.46168264957934113,1e-05
1,0,0,1.5394069147736568e+16,7.916666666666667,11.784647687941282,3.8679810212746153,2,1.5,0.6388340880655269,0.510922441791408,1e-05
1,0,0,1.5394069147736568e+16,7.916666666666667,41.00131435460795,33.084647687941285,2,1.5,0.6388340880655269,0.510922441791408,1e-05
1,0,1,8.850148704614288e+20,33.233333333333334,,,2,1.5,0.6388340880655269,0.510922441791408,1e-05
1,0,0,1.5434311237090812e+16,7.883333333333333,11.353754141438797,3.470420808105464,2,1.6666666666666665,0.6396978404830862,0.5575679103426643,1e-05
1,0,0,1.5434311237090812e+16,7.883333333333333,41.687087474772134,33.8037541414388,2,1.6666666666666665,0.6396978404830862,0.5575679103426643,1e-05
1,0,1,8.850148753594209e+20,31.0,,,2,1.6666666666666665,0.6396978404830862,0.5575679103426643,1e-05
1,0,0,1.5470370094618726e+16,7.85,11.001542308136774,3.151542308136774,2,1.8333333333333333,0.6405623758752704,0.6027293615108614,1e-05
1,0,0,1.5470370094618726e+16,7.85,42.23487564147011,34.38487564147011,2,1.8333333333333333,0.6405623758752704,0.6027293615108614,1e-05
1,0,1,8.850148799264825e+20,29.183333333333334,,,2,1.8333333333333333,0.6405623758752704,0.6027293615108614,1e-05
1,0,0,1.5535182207516372e+16,7.85,10.710208260738426,2.8602082607384265,2,2.0,0.6414277782039821,0.6464831900603636,1e-05
1,0,0,1.5535182207516372e+16,7.85,42.71020826073843,34.86020826073843,2,2.0,0.6414277782039821,0.6464831900603636,1e-05
1,0,1,8.850148717440163e+20,27.65,,,2,2.0,0.6414277782039821,0.6464831900603636,1e-05
1,0,0,1.4976310185771136e+16,5.8,18.631792945515212,12.831792945515211,3,0.5,0.865983155667957,0.19259884062599428,1e-05
1,0,0,1.5040609328132242e+16,5.8,13.914728813784505,8.114728813784506,3,0.7777777777777778,0.8671873965050741,0.28893569322405305,1e-05
1,0,0,1.5106803729270192e+16,5.8,11.65655426444871,5.85655426444871,3,1.0555555555555556,0.8683997541602088,0.3784750715554898,1e-05
1,0,0,1.5106803729270192e+16,5.8,38.42322093111538,32.623220931115384,3,1.0555555555555556,0.8683997541602088,0.3784750715554898,1e-05
1,0,1,8.850148710028023e+20,40.65,,,3,1.0555555555555556,0.8683997541602088,0.3784750715554898,1e-05
1,0,0,1.5165357835399796e+16,5.783333333333333,10.320984640400509,4.537651307067176,3,1.3333333333333335,0.8696044172773503,0.46101302962685003,1e-05
1,0,0,1.5165357835399796e+16,5.783333333333333,11.220984640400507,5.437651307067174,3,1.3333333333333335,0.8696044172773503,0.46101302962685003,1e-05
1,0,0,1.5165357835399796e+16,5.783333333333333,40.03765130706718,34.25431797373385,3,1.3333333333333335,0.8696044172773503,0.46101302962685003,1e-05
1,0,1,8.85014870472901e+20,34.06666666666666,,,3,1.3333333333333335,0.8696044172773503,0.46101302962685003,1e-05
1,0,0,1.5221532994523976e+16,5.766666666666667,9.502789530774516,3.736122864107849,3,1.6111111111111112,0.8708247986271334,0.5421868643682366,1e-05
1,0,0,1.5221532994523976e+16,5.766666666666667,41.48612286410785,35.71945619744118,3,1.6111111111111112,0.8708247986271334,0.5421868643682366,1e-05
1,0,1,8.850153546308568e+20,29.733333333333334,,,3,1.6111111111111112,0.8708247986271334,0.5421868643682366,1e-05
1,0,0,1.5303123232783608e+16,5.783333333333333,8.913210940211167,3.129877606877834,3,1.8888888888888888,0.8720302235705414,0.6174685501499955,1e-05
1,0,0,1.5303123232783608e+16,5.783333333333333,42.3965442735445,36.61321094021117,3,1.8888888888888888,0.8720302235705414,0.6174685501499955,1e-05
1,0,1,8.850148760274296e+20,26.666666666666668,,,3,1.8888888888888888,0.8720302235705414,0.6174685501499955,1e-05
1,0,0,1.5358997698721768e+16,5.766666666666667,8.44268900889472,2.6760223422280527,3,2.166666666666667,0.8732362356812261,0.6864403679769564,1e-05
1,0,0,1.5358997698721768e+16,5.766666666666667,8.526022342228053,2.7593556755613866,3,2.166666666666667,0.8732362356812261,0.6864403679769564,1e-05
1,0,0,1.5358997698721768e+16,5.766666666666667,43.14268900889472,37.376022342228055,3,2.166666666666667,0.8732362356812261,0.6864403679769564,1e-05
1,0,1,8.850148662689118e+20,24.383333333333333,,,3,2.166666666666667,0.8732362356812261,0.6864403679769564,1e-05
1,0,0,1.5430812011440116e+16,5.766666666666667,8.104266945931872,2.3376002792652057,3,2.4444444444444446,0.8744356886178866,0.7544066019822133,1e-05
1,0,0,1.5430812011440116e+16,5.766666666666667,8.187600279265208,2.4209336125985415,3,2.4444444444444446,0.8744356886178866,0.7544066019822133,1e-05
1,0,0,1.5430812011440116e+16,5.766666666666667,43.68760027926521,37.920933612598546,3,2.4444444444444446,0.8744356886178866,0.7544066019822133,1e-05
1,0,1,8.850148882462778e+20,22.6,,,3,2.4444444444444446,0.8744356886178866,0.7544066019822133,1e-05
1,0,0,1.5483375719575472e+16,5.75,7.857889931032126,2.107889931032126,3,2.7222222222222223,0.875657706748693,0.821554625992668,1e-05
1,0,0,1.5483375719575472e+16,5.75,44.074556597698795,38.324556597698795,3,2.7222222222222223,0.875657706748693,0.821554625992668,1e-05
1,0,1,8.850148664156703e+20,21.183333333333334,-inf,-inf,3,2.7222222222222223,0.875657706748693,0.821554625992668,1e-05
1,0,0,1.555692383303408e+16,5.75,7.6399757226423155,1.8899757226423155,3,3.0,0.8768594117171925,0.8832759244539796,1e-05
1,0,0,1.555692383303408e+16,5.75,44.45664238930898,38.70664238930898,3,3.0,0.8768594117171925,0.8832759244539796,1e-05
1,0,1,8.850148676028282e+20,20.03333333333333,,,3,3.0,0.8768594117171925,0.8832759244539796,1e-05
1,0,0,1.4948699039336496e+16,4.716666666666667,17.89511311410068,13.178446447434014,4,0.5,1.0635799069582619,0.19264469385242633,1e-05
1,0,0,1.501587980464243e+16,4.716666666666667,11.952118402581258,7.235451735914591,4,0.8888888888888888,1.0650219611532068,0.3254551053079778,1e-05
1,0,0,1.501587980464243e+16,4.716666666666667,36.86878506924793,32.15211840258126,4,0.8888888888888888,1.0650219611532068,0.3254551053079778,1e-05
1,0,1,8.850149010846437e+20,45.7,,,4,0.8888888888888888,1.0650219611532068,0.3254551053079778,1e-05
1,0,0,1.5084961792576528e+16,4.716666666666667,9.623505196999606,4.906838530332939,4,1.2777777777777777,1.0664945141205242,0.4462307792785493,1e-05
1,0,0,1.5084961792576528e+16,4.716666666666667,39.956838530332945,35.240171863666276,4,1.2777777777777777,1.0664945141205242,0.4462307792785493,1e-05
1,0,1,8.850148757461879e+20,34.21666666666667,,,4,1.2777777777777777,1.0664945141205242,0.4462307792785493,1e-05
1,0,0,1.5156169902563428e+16,4.716666666666667,8.387335130074101,3.6706684634074342,4,1.6666666666666667,1.0679366600010107,0.5575615437185343,1e-05
1,0,0,1.5156169902563428e+16,4.716666666666667,41.720668463407435,37.004001796740766,4,1.6666666666666667,1.0679366600010107,0.5575615437185343,1e-05
1,0,1,8.850153045581567e+20,28.066666666666666,,,4,1.6666666666666667,1.0679366600010107,0.5575615437185343,1e-05
1,0,0,1.521502900763673e+16,4.7,7.633454885137414,2.9334548851374143,4,2.0555555555555554,1.0693885528244693,0.6607691826474509,1e-05
1,0,0,1.521502900763673e+16,4.7,42.85012155180408,38.15012155180408,4,2.0555555555555554,1.0693885528244693,0.6607691826474509,1e-05
1,0,1,8.850148712412438e+20,24.233333333333334,,,4,2.0555555555555554,1.0693885528244693,0.6607691826474509,1e-05
1,0,0,1.5305036122054386e+16,4.716666666666667,7.1263960048182335,2.4097293381515668,4,2.4444444444444446,1.0708308022300173,0.7568448785880632,1e-05
1,0,0,1.5305036122054386e+16,4.716666666666667,43.65972933815157,38.9430626714849,4,2.4444444444444446,1.0708308022300173,0.7568448785880632,1e-05
1,0,1,8.850152262032472e+20,21.616666666666667,,,4,2.4444444444444446,1.0708308022300173,0.7568448785880632,1e-05
1,0,0,1.5362011300041644e+16,4.7,6.747482862059149,2.047482862059149,4,2.8333333333333335,1.0722921811851962,0.8454624635901039,1e-05
1,0,0,1.5362011300041644e+16,4.7,8.114149528725816,3.414149528725816,4,2.8333333333333335,1.0722921811851962,0.8454624635901039,1e-05
1,0,0,1.5362011300041644e+16,4.7,44.230816195392485,39.53081619539248,4,2.8333333333333335,1.0722921811851962,0.8454624635901039,1e-05
1,0,1,8.850148660651848e+20,19.7,,,4,2.8333333333333335,1.0722921811851962,0.8454624635901039,1e-05
1,0,0,1.5414809224156228e+16,4.683333333333334,6.4689233242917705,1.785589990958437,4,3.2222222222222223,1.0737351531850863,0.9282123263090432,1e-05
1,0,0,1.5414809224156228e+16,4.683333333333334,6.5189233242917695,1.835589990958436,4,3.2222222222222223,1.0737351531850863,0.9282123263090432,1e-05
1,0,0,1.5414809224156228e+16,4.683333333333334,44.752256657625104,40.068923324291774,4,3.2222222222222223,1.0737351531850863,0.9282123263090432,1e-05
1,0,1,8.850148656075065e+20,18.266666666666666,,,4,3.2222222222222223,1.0737351531850863,0.9282123263090432,1e-05
1,0,0,1.549078356868486e+16,4.683333333333334,6.26480296414267,1.5814696308093366,4,3.611111111111111,1.075178807268543,1.009619421769052,1e-05
1,0,0,1.549078356868486e+16,4.683333333333334,45.08146963080934,40.398136297476,4,3.611111111111111,1.075178807268543,1.009619421769052,1e-05
1,0,1,8.850148654165978e+20,17.116666666666667,,,4,3.611111111111111,1.075178807268543,1.009619421769052,1e-05
1,0,0,1.560016870761694e+16,4.7,6.086937959088766,1.3869379590887654,4,4.0,1.076623392997285,1.0821847400927387,1e-05
1,0,0,1.560016870761694e+16,4.7,6.586937959088766,1.8869379590887654,4,4.0,1.076623392997285,1.0821847400927387,1e-05
1,0,0,1.560016870761694e+16,4.7,45.403604625755435,40.70360462575543,4,4.0,1.076623392997285,1.0821847400927387,1e-05
1,0,1,8.850148695514479e+20,16.2,,,4,4.0,1.076623392997285,1.0821847400927387,1e-05
1,0,0,1.4933306514350742e+16,4.066666666666666,17.53045747665306,13.463790809986392,5,0.5,1.2341272186960721,0.19267850928812066,1e-05
1,0,0,1.5003473864659468e+16,4.066666666666666,10.569464307239436,6.502797640572769,5,1.0,1.2357480631849536,0.36102090016840227,1e-05
1,0,0,1.5003473864659468e+16,4.066666666666666,37.9861309739061,33.91946430723944,5,1.0,1.2357480631849536,0.36102090016840227,1e-05
1,0,1,8.850148734394486e+20,40.983333333333334,,,5,1.0,1.2357480631849536,0.36102090016840227,1e-05
1,0,0,1.5075616038184022e+16,4.066666666666666,8.266890198913746,4.20022353224708,5,1.5,1.2373563034210149,0.5109170008851251,1e-05
1,0,0,1.5075616038184022e+16,4.066666666666666,41.06689019891375,37.00022353224708,5,1.5,1.2373563034210149,0.5109170008851251,1e-05
1,0,1,8.850153083647932e+20,29.75,,,5,1.5,1.2373563034210149,0.5109170008851251,1e-05
1,0,0,1.5136739084291908e+16,4.05,7.134133535959165,3.0841335359591655,5,2.0,1.238987260660814,0.6464896669902188,1e-05
1,0,0,1.5136739084291908e+16,4.05,42.7174668692925,38.667466869292504,5,2.0,1.238987260660814,0.6464896669902188,1e-05
1,0,1,8.850149012923443e+20,24.116666666666667,,,5,2.0,1.238987260660814,0.6464896669902188,1e-05
1,0,0,1.520949461692873e+16,4.05,6.460008240522752,2.4100082405227523,5,2.5,1.2406055055772958,0.7700374810389997,1e-05
1,0,0,1.520949461692873e+16,4.05,43.76000824052275,39.710008240522754,5,2.5,1.2406055055772958,0.7700374810389997,1e-05
1,0,1,8.850148712720411e+20,20.716666666666665,,,5,2.5,1.2406055055772958,0.7700374810389997,1e-05
1,0,0,1.5284295929741964e+16,4.05,6.016934525288945,1.966934525288945,5,3.0,1.2422236641663487,0.8826685744555386,1e-05
1,0,0,1.5284295929741964e+16,4.05,8.50026785862228,4.45026785862228,5,3.0,1.2422236641663487,0.8826685744555386,1e-05
1,0,0,1.5284295929741964e+16,4.05,44.46693452528895,40.41693452528895,5,3.0,1.2422236641663487,0.8826685744555386,1e-05
1,0,1,8.850148659649661e+20,18.433333333333334,,,5,3.0,1.2422236641663487,0.8826685744555386,1e-05
1,0,0,1.5337066940706946e+16,4.033333333333333,5.708671758189574,1.6753384248562408,5,3.5,1.2438304967671807,0.9875415355388308,1e-05
1,0,0,1.5337066940706946e+16,4.033333333333333,45.00867175818958,40.97533842485625,5,3.5,1.2438304967671807,0.9875415355388308,1e-05
1,0,1,8.850148651439005e+20,16.816666666666666,,,5,3.5,1.2438304967671807,0.9875415355388308,1e-05
1,0,0,1.5412216519068572e+16,4.033333333333333,5.4754950597988366,1.4421617264655033,5,4.0,1.2454484123584497,1.0839459178774082,1e-05
1,0,0,1.5412216519068572e+16,4.033333333333333,45.40882839313217,41.37549505979884,5,4.0,1.2454484123584497,1.0839459178774082,1e-05
1,0,1,8.85014865216567e+20,15.583333333333334,,,5,4.0,1.2454484123584497,1.0839459178774082,1e-05
1,0,0,1.5489718450908124e+16,4.033333333333333,5.2991783715090826,1.2658450381757493,5,4.5,1.2470663811524236,1.1733661036577487,1e-05
1,0,0,1.5489718450908124e+16,4.033333333333333,45.74917837150909,41.71584503817576,5,4.5,1.2470663811524236,1.1733661036577487,1e-05
1,0,1,8.85014877242298e+20,14.633333333333333,,,5,4.5,1.2470663811524236,1.1733661036577487,1e-05
1,0,0,1.5569969964988252e+16,4.033333333333333,5.142332637878516,1.1089993045451827,5,5.0,1.248674285658743,1.2528623152910696,1e-05
1,0,0,1.5569969964988252e+16,4.033333333333333,5.458999304545182,1.4256659712118491,5,5.0,1.248674285658743,1.2528623152910696,1e-05
1,0,0,1.5569969964988252e+16,4.033333333333333,46.27566597121185,42.24233263787852,5,5.0,1.248674285658743,1.2528623152910696,1e-05
1,0,1,8.850148719002128e+20,13.866666666666667,,,5,5.0,1.248674285658743,1.2528623152910696,1e-05
1,0,0,1.492355670126908e+16,3.6333333333333333,17.333008787047383,13.69967545371405,6,0.5,1.3830050243815863,0.1926881746017246,1e-05
1,0,0,1.4990205185167556e+16,3.6166666666666667,9.53564777282404,5.918981106157373,6,1.1111111111111112,1.3847434062827728,0.3957180116768614,1e-05
1,0,0,1.4990205185167556e+16,3.6166666666666667,38.90231443949071,35.28564777282404,6,1.1111111111111112,1.3847434062827728,0.3957180116768614,1e-05
1,0,1,8.850148743868618e+20,37.3,,,6,1.1111111111111112,1.3847434062827728,0.3957180116768614,1e-05
1,0,0,1.5061563354119558e+16,3.6166666666666667,7.304561366609897,3.68789469994323,6,1.7222222222222223,1.3864804195904612,0.5727637954334692,1e-05
1,0,0,1.5061563354119558e+16,3.6166666666666667,42.03789469994323,38.42122803327656,6,1.7222222222222223,1.3864804195904612,0.5727637954334692,1e-05
1,0,1,8.850148689912223e+20,26.483333333333334,,,6,1.7222222222222223,1.3864804195904612,0.5727637954334692,1e-05
1,0,0,1.5134921341893994e+16,3.6166666666666667,6.258518874724224,2.6418522080575575,6,2.3333333333333335,1.3882162067864183,0.7300755347127191,1e-05
1,0,0,1.5134921341893994e+16,3.6166666666666667,43.47518554139089,39.858518874724226,6,2.3333333333333335,1.3882162067864183,0.7300755347127191,1e-05
1,0,1,8.850148660247938e+20,21.3,,,6,2.3333333333333335,1.3882162067864183,0.7300755347127191,1e-05
1,0,0,1.5210334918930756e+16,3.6166666666666667,5.658838434500005,2.0421717678333384,6,2.9444444444444446,1.3899505901058873,0.8711601553449629,1e-05
1,0,0,1.5210334918930756e+16,3.6166666666666667,44.42550510116668,40.80883843450001,6,2.9444444444444446,1.3899505901058873,0.8711601553449629,1e-05
1,0,1,8.850148654231481e+20,18.25,,,6,2.9444444444444446,1.3899505901058873,0.8711601553449629,1e-05
1,0,0,1.5288171878927804e+16,3.6166666666666667,5.269332475180133,1.6526658085134662,6,3.555555555555556,1.391697208828887,0.9986308651249954,1e-05
1,0,0,1.5288171878927804e+16,3.6166666666666667,45.06933247518013,41.452665808513466,6,3.555555555555556,1.391697208828887,0.9986308651249954,1e-05
1,0,1,8.850148652078617e+20,16.25,,,6,3.555555555555556,1.391697208828887,0.9986308651249954,1e-05
1,0,0,1.536791660633046e+16,3.6166666666666667,4.993296641009632,1.3766299743429653,6,4.166666666666667,1.3934177992863426,1.1137625585153812,1e-05
1,0,0,1.536791660633046e+16,3.6166666666666667,6.676629974342966,3.059963307676299,6,4.166666666666667,1.3934177992863426,1.1137625585153812,1e-05
1,0,0,1.536791660633046e+16,3.6166666666666667,45.52662997434297,41.9099633076763,6,4.166666666666667,1.3934177992863426,1.1137625585153812,1e-05
1,0,1,8.850148660867949e+20,14.833333333333334,,,6,4.166666666666667,1.3934177992863426,1.1137625585153812,1e-05
1,0,0,1.5450246919126512e+16,3.6166666666666667,4.800006563783933,1.1833398971172664,6,4.777777777777779,1.3951505565253033,1.220340129027759,1e-05
1,0,0,1.5450246919126512e+16,3.6166666666666667,45.88333989711727,42.2666732304506,6,4.777777777777779,1.3951505565253033,1.220340129027759,1e-05
1,0,1,8.850148655323126e+20,13.783333333333333,,,6,4.777777777777779,1.3951505565253033,1.220340129027759,1e-05
1,0,0,1.5535385649794158e+16,3.6166666666666667,4.64818576634727,1.0315190996806032,6,5.388888888888889,1.396883054037897,1.3174647815303502,1e-05
1,0,0,1.5535385649794158e+16,3.6166666666666667,46.16485243301394,42.548185766347274,6,5.388888888888889,1.396883054037897,1.3174647815303502,1e-05
1,0,1,8.850148656163298e+20,12.966666666666667,,,6,5.388888888888889,1.396883054037897,1.3174647815303502,1e-05
1,0,0,1.5578823120183448e+16,3.6,4.5248683797390346,0.9248683797390345,6,6.0,1.3986155057251302,1.405888551621948,1e-05
1,0,0,1.5578823120183448e+16,3.6,5.441535046405701,1.8415350464057005,6,6.0,1.3986155057251302,1.405888551621948,1e-05
1,0,0,1.5578823120183448e+16,3.6,46.39153504640571,42.791535046405706,6,6.0,1.3986155057251302,1.405888551621948,1e-05
1,0,1,8.850148651806639e+20,12.316666666666666,,,6,6.0,1.3986155057251302,1.405888551621948,1e-05
1,0,0,1.4915630784721176e+16,3.3166666666666664,17.108582640403643,13.791915973736977,7,0.5,1.5142337105975217,0.19160170374941174,1e-05
1,0,0,1.4915630784721176e+16,3.3166666666666664,19.32524930707031,16.008582640403645,7,0.5,1.5142337105975217,0.19160170374941174,1e-05
1,0,0,1.4990325692007016e+16,3.3166666666666664,8.73282741261641,5.416160745949744,7,1.2222222222222223,1.5160531563989987,0.42959223316933304,1e-05
1,0,0,1.4990325692007016e+16,3.3166666666666664,39.68282741261641,36.36616074594974,7,1.2222222222222223,1.5160531563989987,0.42959223316933304,1e-05
1,0,1,8.850148992010811e+20,34.3,-inf,-inf,7,1.2222222222222223,1.5160531563989987,0.42959223316933304,1e-05
1,0,0,1.505544782492086e+16,3.3,6.55822051432588,3.2582205143258802,7,1.9444444444444444,1.5178850182729509,0.6303515824486061,1e-05
1,0,0,1.505544782492086e+16,3.3,7.474887180992546,4.174887180992546,7,1.9444444444444444,1.5178850182729509,0.6303515824486061,1e-05
1,0,0,1.505544782492086e+16,3.3,42.59155384765921,39.291553847659216,7,1.9444444444444444,1.5178850182729509,0.6303515824486061,1e-05
1,0,1,8.850148674725489e+20,23.95,,,7,1.9444444444444444,1.5178850182729509,0.6303515824486061,1e-05
1,0,0,1.5129540657547076e+16,3.3,5.610254635021594,2.310254635021594,7,2.6666666666666665,1.5196866159807942,0.8088592606798284,1e-05
1,0,0,1.5129540657547076e+16,3.3,44.06025463502159,40.760254635021596,7,2.6666666666666665,1.5196866159807942,0.8088592606798284,1e-05
1,0,1,8.850149196795452e+20,19.183333333333334,,,7,2.6666666666666665,1.5196866159807942,0.8088592606798284,1e-05
1,0,0,1.5205733669554104e+16,3.3,5.064645124762821,1.7646451247628212,7,3.388888888888889,1.5215006435554699,0.9644986606089527,1e-05
1,0,0,1.5205733669554104e+16,3.3,7.3813117914294875,4.081311791429488,7,3.388888888888889,1.5215006435554699,0.9644986606089527,1e-05
1,0,0,1.5205733669554104e+16,3.3,44.91464512476282,41.61464512476282,7,3.388888888888889,1.5215006435554699,0.9644986606089527,1e-05
1,0,1,8.850148750214061e+20,16.433333333333334,,,7,3.388888888888889,1.5215006435554699,0.9644986606089527,1e-05
1,0,0,1.5283920602153736e+16,3.3,4.72481377410358,1.4248137741035798,7,4.111111111111111,1.523327910689467,1.1043961666842033,1e-05
1,0,0,1.5283920602153736e+16,3.3,45.50814710743691,42.208147107436915,7,4.111111111111111,1.523327910689467,1.1043961666842033,1e-05
1,0,1,8.85014865777934e+20,14.65,-inf,-inf,7,4.111111111111111,1.523327910689467,1.1043961666842033,1e-05
1,0,0,1.5364382012573872e+16,3.3,4.481470638737094,1.1814706387370943,7,4.833333333333333,1.5251398974001347,1.2290533097584622,1e-05
1,0,0,1.5364382012573872e+16,3.3,6.614803972070427,3.314803972070427,7,4.833333333333333,1.5251398974001347,1.2290533097584622,1e-05
1,0,0,1.5364382012573872e+16,3.3,45.91480397207043,42.61480397207043,7,4.833333333333333,1.5251398974001347,1.2290533097584622,1e-05
1,0,1,8.850148661827151e+20,13.4,,,7,4.833333333333333,1.5251398974001347,1.2290533097584622,1e-05
1,0,0,1.5409695836159452e+16,3.283333333333333,4.307122363221433,1.0237890298880998,7,5.555555555555555,1.5269509832016157,1.3410672134223347,1e-05
1,0,0,1.5409695836159452e+16,3.283333333333333,4.590455696554766,1.307122363221433,7,5.555555555555555,1.5269509832016157,1.3410672134223347,1e-05
1,0,0,1.5409695836159452e+16,3.283333333333333,46.1237890298881,42.84045569655477,7,5.555555555555555,1.5269509832016157,1.3410672134223347,1e-05
1,0,1,8.850148717969438e+20,12.483333333333333,,,7,5.555555555555555,1.5269509832016157,1.3410672134223347,1e-05
1,0,0,1.5532646872664352e+16,3.3,4.182297540249687,0.8822975402496871,7,6.277777777777778,1.5287614903834696,1.445340776111095,1e-05
1,0,0,1.5532646872664352e+16,3.3,46.48229754024969,43.18229754024969,7,6.277777777777778,1.5287614903834696,1.445340776111095,1e-05
1,0,1,8.850148694981965e+20,11.766666666666666,,,7,6.277777777777778,1.5287614903834696,1.445340776111095,1e-05
1,0,0,1.5570466595982554e+16,3.283333333333333,4.077222454713992,0.7938891213806585,7,7.0,1.5305716819338513,1.539160726375675,1e-05
1,0,0,1.5570466595982554e+16,3.283333333333333,46.67722245471399,43.39388912138066,7,7.0,1.5305716819338513,1.539160726375675,1e-05
1,0,1,8.850148653603029e+20,11.2,,,7,7.0,1.5305716819338513,1.539160726375675,1e-05
1,0,0,1.4907795408469948e+16,3.0666666666666664,17.196168790772152,14.129502124105485,8,0.5,1.6308427459319863,0.1927335486311018,1e-05
1,0,0,1.4980455690612264e+16,3.0666666666666664,8.07127572304145,5.004609056374784,8,1.3333333333333335,1.6327320752603898,0.46268130692001885,1e-05
1,0,0,1.4980455690612264e+16,3.0666666666666664,40.33794238970812,37.271275723041455,8,1.3333333333333335,1.6327320752603898,0.46268130692001885,1e-05
1,0,1,8.850148691470915e+20,31.816666666666666,,,8,1.3333333333333335,1.6327320752603898,0.46268130692001885,1e-05
1,0,0,1.505495256591558e+16,3.0666666666666664,6.005554166252687,2.938887499586021,8,2.166666666666667,1.634603673695738,0.6889158832227198,1e-05
1,0,0,1.505495256591558e+16,3.0666666666666664,43.17222083291936,40.10555416625269,8,2.166666666666667,1.634603673695738,0.6889158832227198,1e-05
1,0,1,8.85014871118755e+20,21.95,,,8,2.166666666666667,1.634603673695738,0.6889158832227198,1e-05
1,0,0,1.513139517168947e+16,3.0666666666666664,5.119459114111262,2.0527924474445953,8,3.0,1.6364727294580692,0.8832764986620864,1e-05
1,0,0,1.513139517168947e+16,3.0666666666666664,44.519459114111264,41.452792447444594,8,3.0,1.6364727294580692,0.8832764986620864,1e-05
1,0,1,8.850148720115611e+20,17.55,,,8,3.0,1.6364727294580692,0.8832764986620864,1e-05
1,0,0,1.5209799297247864e+16,3.0666666666666664,4.62505085435472,1.5583841876880538,8,3.8333333333333335,1.6383402069628048,1.0526326626625595,1e-05
1,0,0,1.5209799297247864e+16,3.0666666666666664,45.32505085435472,42.25838418768805,8,3.8333333333333335,1.6383402069628048,1.0526326626625595,1e-05
1,0,1,8.8501488044781e+20,15.049999999999999,,,8,3.8333333333333335,1.6383402069628048,1.0526326626625595,1e-05
1,0,0,1.5290330844058462e+16,3.0666666666666664,4.310285328045748,1.2436186613790818,8,4.666666666666667,1.6402212965032104,1.2012867640615927,1e-05
1,0,0,1.5290330844058462e+16,3.0666666666666664,6.410285328045748,3.3436186613790815,8,4.666666666666667,1.6402212965032104,1.2012867640615927,1e-05
1,0,0,1.5290330844058462e+16,3.0666666666666664,45.84361866137908,42.77695199471242,8,4.666666666666667,1.6402212965032104,1.2012867640615927,1e-05
1,0,1,8.850148666767874e+20,13.433333333333334,,,8,4.666666666666667,1.6402212965032104,1.2012867640615927,1e-05
1,0,0,1.5338121511367564e+16,3.05,4.097308218857171,1.0473082188571707,8,5.5,1.6420856336756817,1.3338081249438944,1e-05
1,0,0,1.5338121511367564e+16,3.05,6.063974885523837,3.0139748855238375,8,5.5,1.6420856336756817,1.3338081249438944,1e-05
1,0,0,1.5338121511367564e+16,3.05,46.230641552190505,43.18064155219051,8,5.5,1.6420856336756817,1.3338081249438944,1e-05
1,0,1,8.850148657696493e+20,12.316666666666666,,,8,5.5,1.6420856336756817,1.3338081249438944,1e-05
1,0,0,1.5416561098469204e+16,3.05,3.9433826476723763,0.8933826476723765,8,6.333333333333334,1.643948766949479,1.4528573508482006,1e-05
1,0,0,1.5416561098469204e+16,3.05,46.51004931433904,43.460049314339045,8,6.333333333333334,1.643948766949479,1.4528573508482006,1e-05
1,0,1,8.85014887507167e+20,11.483333333333333,,,8,6.333333333333334,1.643948766949479,1.4528573508482006,1e-05
1,0,0,1.5497089849676144e+16,3.05,3.829461339306714,0.7794613393067142,8,7.166666666666667,1.6458251590537492,1.559661188298744,1e-05
1,0,0,1.5497089849676144e+16,3.05,46.72946133930672,43.67946133930672,8,7.166666666666667,1.6458251590537492,1.559661188298744,1e-05
1,0,1,8.850148651332524e+20,10.866666666666667,,,8,7.166666666666667,1.6458251590537492,1.559661188298744,1e-05
1,0,0,1.5580009368535128e+16,3.05,3.7387726735390636,0.6887726735390638,8,8.0,1.6476864169594294,1.6564189045835964,1e-05
1,0,0,1.5580009368535128e+16,3.05,46.90543934020573,43.855439340205734,8,8.0,1.6476864169594294,1.6564189045835964,1e-05
1,0,1,8.850148659184472e+20,10.35,,,8,8.0,1.6476864169594294,1.6564189045835964,1e-05
1,0,0,1.4903686369590968e+16,2.8833333333333333,17.17612502457874,14.292791691245409,9,0.5,1.7352279944619688,0.19269914358620543,1e-05
1,0,0,1.4978048409591124e+16,2.8833333333333333,7.520390376601759,4.637057043268426,9,1.4444444444444444,1.7371527967096931,0.49501935671496605,1e-05
1,0,0,1.4978048409591124e+16,2.8833333333333333,40.90372370993509,38.02039037660176,9,1.4444444444444444,1.7371527967096931,0.49501935671496605,1e-05
1,0,1,8.85014866952866e+20,29.716666666666665,,,9,1.4444444444444444,1.7371527967096931,0.49501935671496605,1e-05
1,0,0,1.5054362645810182e+16,2.8833333333333333,5.556104343523214,2.6727710101898805,9,2.388888888888889,1.7390585674866281,0.7435279970576988,1e-05
1,0,0,1.5054362645810182e+16,2.8833333333333333,43.63943767685655,40.75610434352322,9,2.388888888888889,1.7390585674866281,0.7435279970576988,1e-05
1,0,1,8.850148771183529e+20,20.333333333333332,,,9,2.388888888888889,1.7390585674866281,0.7435279970576988,1e-05
1,0,0,1.513248896258172e+16,2.8833333333333333,4.721113441588538,1.8377801082552048,9,3.333333333333333,1.7409619589043348,0.9533278699488206,1e-05
1,0,0,1.513248896258172e+16,2.8833333333333333,7.871113441588538,4.987780108255205,9,3.333333333333333,1.7409619589043348,0.9533278699488206,1e-05
1,0,0,1.513248896258172e+16,2.8833333333333333,44.90444677492187,42.02111344158854,9,3.333333333333333,1.7409619589043348,0.9533278699488206,1e-05
1,0,1,8.85014906223704e+20,16.233333333333334,,,9,3.333333333333333,1.7409619589043348,0.9533278699488206,1e-05
1,0,0,1.5212811912682538e+16,2.8833333333333333,4.271064809354276,1.3877314760209427,9,4.277777777777778,1.7428630270400542,1.134460921575245,1e-05
1,0,0,1.5212811912682538e+16,2.8833333333333333,45.604398142687614,42.72106480935428,9,4.277777777777778,1.7428630270400542,1.134460921575245,1e-05
1,0,1,8.850148693228829e+20,13.95,,,9,4.277777777777778,1.7428630270400542,1.134460921575245,1e-05
1,0,0,1.5294862151158978e+16,2.8833333333333333,3.9890552895957705,1.1057219562624372,9,5.222222222222222,1.7447781641905389,1.291780283076669,1e-05
1,0,0,1.5294862151158978e+16,2.8833333333333333,46.12238862292911,43.239055289595775,9,5.222222222222222,1.7447781641905389,1.291780283076669,1e-05
1,0,1,8.850148655196113e+20,12.483333333333333,,,9,5.222222222222222,1.7447781641905389,1.291780283076669,1e-05
1,0,0,1.537939292285836e+16,2.8833333333333333,3.7970610413985346,0.9137277080652013,9,6.166666666666666,1.7466909165330562,1.4301496656588024,1e-05
1,0,0,1.537939292285836e+16,2.8833333333333333,46.46372770806521,43.580394374731874,9,6.166666666666666,1.7466909165330562,1.4301496656588024,1e-05
1,0,1,8.850148758359229e+20,11.466666666666667,,,9,6.166666666666666,1.7466909165330562,1.4301496656588024,1e-05
1,0,0,1.5420301315857962e+16,2.8666666666666667,3.6576895251437604,0.7910228584770937,9,7.111111111111111,1.7485710389505735,1.5528757194819884,1e-05
1,0,0,1.5420301315857962e+16,2.8666666666666667,46.72435619181043,43.85768952514376,9,7.111111111111111,1.7485710389505735,1.5528757194819884,1e-05
1,0,1,8.850153809555389e+20,10.716666666666667,,,9,7.111111111111111,1.7485710389505735,1.5528757194819884,1e-05
1,0,0,1.5502202578363884e+16,2.8666666666666667,3.550948849919597,0.6842821832529302,9,8.055555555555555,1.750480637225201,1.661392214889275,1e-05
1,0,0,1.5502202578363884e+16,2.8666666666666667,4.217615516586264,1.3509488499195972,9,8.055555555555555,1.750480637225201,1.661392214889275,1e-05
1,0,0,1.5502202578363884e+16,2.8666666666666667,46.91761551658627,44.0509488499196,9,8.055555555555555,1.750480637225201,1.661392214889275,1e-05
1,0,1,8.85014872576852e+20,10.15,,,9,8.055555555555555,1.750480637225201,1.661392214889275,1e-05
1,0,0,1.5585782164354316e+16,2.8666666666666667,3.4745769826624686,0.6079103159958019,9,9.0,1.7523738824634723,1.761199062119711,1e-05
1,0,0,1.5585782164354316e+16,2.8666666666666667,47.057910315995805,44.19124364932914,9,9.0,1.7523738824634723,1.761199062119711,1e-05
1,0,1,8.85014865054843e+20,9.7,,,9,9.0,1.7523738824634723,1.761199062119711,1e-05
1,0,0,1.4899967458578776e+16,2.7333333333333334,17.193397359674936,14.460064026341602,10,0.5,1.8292381872429215,0.19270473522022874,1e-05
1,0,0,1.497505669706614e+16,2.7333333333333334,7.064140957050375,4.330807623717042,10,1.5555555555555556,1.8311836739572838,0.5266399385060445,1e-05
1,0,0,1.497505669706614e+16,2.7333333333333334,41.39747429038371,38.66414095705038,10,1.5555555555555556,1.8311836739572838,0.5266399385060445,1e-05
1,0,1,8.850148728983519e+20,27.916666666666668,,,10,1.5555555555555556,1.8311836739572838,0.5266399385060445,1e-05
1,0,0,1.505188812452028e+16,2.7333333333333334,5.179352137181152,2.446018803847819,10,2.611111111111111,1.8331094230951204,0.7960428467849605,1e-05
1,0,0,1.505188812452028e+16,2.7333333333333334,44.02935213718116,41.29601880384782,10,2.611111111111111,1.8331094230951204,0.7960428467849605,1e-05
1,0,1,8.850066397323506e+20,18.966666666666665,-inf,-inf,10,2.611111111111111,1.8331094230951204,0.7960428467849605,1e-05
1,0,0,1.5130501928760276e+16,2.7333333333333334,4.395042475993576,1.6617091426602428,10,3.666666666666667,1.835049084067527,1.020513279266715,1e-05
1,0,0,1.5130501928760276e+16,2.7333333333333334,45.21170914266025,42.47837580932691,10,3.666666666666667,1.835049084067527,1.020513279266715,1e-05
1,0,1,8.850148658307402e+20,15.15,,,10,3.666666666666667,1.835049084067527,1.020513279266715,1e-05
1,0,0,1.5211157331250644e+16,2.7333333333333334,3.98433857437218,1.2510052410388468,10,4.722222222222222,1.8369693058480736,1.2111006599083562,1e-05
1,0,0,1.5211157331250644e+16,2.7333333333333334,45.901005241038845,43.16767190770551,10,4.722222222222222,1.8369693058480736,1.2111006599083562,1e-05
1,0,1,8.850148718463076e+20,13.049999999999999,,,10,4.722222222222222,1.8369693058480736,1.2111006599083562,1e-05
1,0,0,1.5293836664374942e+16,2.7333333333333334,3.7262832142660387,0.9929498809327053,10,5.777777777777778,1.8389035918666166,1.3752413436094628,1e-05
1,0,0,1.5293836664374942e+16,2.7333333333333334,46.34294988093271,43.60961654759937,10,5.777777777777778,1.8389035918666166,1.3752413436094628,1e-05
1,0,1,8.850148650648376e+20,11.7,,,10,5.777777777777778,1.8389035918666166,1.3752413436094628,1e-05
1,0,0,1.5378744441554712e+16,2.7333333333333334,3.5545837406135896,0.8212504072802562,10,6.833333333333334,1.8408192198607545,1.5182395140817402,1e-05
1,0,0,1.5378744441554712e+16,2.7333333333333334,46.67125040728026,43.93791707394693,10,6.833333333333334,1.8408192198607545,1.5182395140817402,1e-05
1,0,1,8.850148737607962e+20,10.783333333333333,,,10,6.833333333333334,1.8408192198607545,1.5182395140817402,1e-05
1,0,0,1.5466176924106092e+16,2.7333333333333334,3.4200660862771093,0.6867327529437759,10,7.888888888888889,1.8427328943492716,1.6402807295989468,1e-05
1,0,0,1.5466176924106092e+16,2.7333333333333334,3.603399419610443,0.8700660862771095,10,7.888888888888889,1.8427328943492716,1.6402807295989468,1e-05
1,0,0,1.5466176924106092e+16,2.7333333333333334,3.7533994196104423,1.020066086277109,10,7.888888888888889,1.8427328943492716,1.6402807295989468,1e-05
1,0,0,1.5466176924106092e+16,2.7333333333333334,47.13673275294378,44.403399419610444,10,7.888888888888889,1.8427328943492716,1.6402807295989468,1e-05
1,0,1,8.85014865155176e+20,10.1,,,10,7.888888888888889,1.8427328943492716,1.6402807295989468,1e-05
1,0,0,1.5555577200404928e+16,2.7333333333333334,3.33650252889244,0.6031691955591065,10,8.944444444444445,1.8446607660167855,1.7556623089012178,1e-05
1,0,0,1.5555577200404928e+16,2.7333333333333334,47.08650252889244,44.353169195559104,10,8.944444444444445,1.8446607660167855,1.7556623089012178,1e-05
1,0,1,8.850148709132285e+20,9.583333333333334,,,10,8.944444444444445,1.8446607660167855,1.7556623089012178,1e-05
1,0,0,1.5580315473523128e+16,2.716666666666667,3.2595601099240934,0.5428934432574266,10,10.0,1.8465714098518748,1.855400969079007,1e-05
1,0,0,1.5580315473523128e+16,2.716666666666667,47.226226776590764,44.509560109924095,10,10.0,1.8465714098518748,1.855400969079007,1e-05
1,0,1,8.850148653087843e+20,9.166666666666666,,,10,10.0,1.8465714098518748,1.855400969079007,1e-05
1,0,0,1.48979250681769e+16,2.6166666666666667,17.20761700313347,14.590950336466804,11,0.5,1.9143865643640645,0.19269334602553717,1e-05
1,0,0,1.4975964580730998e+16,2.6166666666666667,6.669581934689651,4.052915268022984,11,1.6666666666666667,1.9163419072148014,0.5575706127750263,1e-05
1,0,0,1.4975964580730998e+16,2.6166666666666667,41.83624860135632,39.21958193468965,11,1.6666666666666667,1.9163419072148014,0.5575706127750263,1e-05
1,0,1,8.850148675223518e+20,26.383333333333333,,,11,1.6666666666666667,1.9163419072148014,0.5575706127750263,1e-05
1,0,0,1.505588873370336e+16,2.6166666666666667,4.863769342627629,2.2471026759609622,11,2.8333333333333335,1.9182765195053415,0.8465896994603255,1e-05
1,0,0,1.505588873370336e+16,2.6166666666666667,44.363769342627634,41.74710267596097,11,2.8333333333333335,1.9182765195053415,0.8465896994603255,1e-05
1,0,1,8.850148663867555e+20,17.833333333333332,,,11,2.8333333333333335,1.9182765195053415,0.8465896994603255,1e-05
1,0,0,1.513771298147596e+16,2.6166666666666667,4.1392217315650655,1.5225550648983988,11,4.0,1.9202253367474298,1.0839514475779062,1e-05
1,0,0,1.513771298147596e+16,2.6166666666666667,45.48922173156507,42.8725550648984,11,4.0,1.9202253367474298,1.0839514475779062,1e-05
1,0,1,8.850148664894667e+20,14.266666666666666,,,11,4.0,1.9202253367474298,1.0839514475779062,1e-05
1,0,0,1.5192328318954858e+16,2.6,3.751465283378534,1.151465283378534,11,5.166666666666667,1.9221534961449602,1.2830853073739965,1e-05
1,0,0,1.5192328318954858e+16,2.6,46.1181319500452,43.5181319500452,11,5.166666666666667,1.9221534961449602,1.2830853073739965,1e-05
1,0,1,8.850148689206246e+20,12.316666666666666,,,11,5.166666666666667,1.9221534961449602,1.2830853073739965,1e-05
1,0,0,1.5270550617698862e+16,2.6,3.5106022693612773,0.9106022693612772,11,6.333333333333334,1.9240964609579736,1.4528589645461436,1e-05
1,0,0,1.5270550617698862e+16,2.6,46.54393560269461,43.94393560269461,11,6.333333333333334,1.9240964609579736,1.4528589645461436,1e-05
1,0,1,8.850148770741331e+20,11.066666666666666,,,11,6.333333333333334,1.9240964609579736,1.4528589645461436,1e-05
1,0,0,1.5396314963515928e+16,2.6166666666666667,3.3549424002905854,0.7382757336239187,11,7.5,1.9260196817263209,1.5994896150286089,1e-05
1,0,0,1.5396314963515928e+16,2.6166666666666667,46.838275733623924,44.22160906695726,11,7.5,1.9260196817263209,1.5994896150286089,1e-05
1,0,1,8.85014891461782e+20,10.216666666666667,,,11,7.5,1.9260196817263209,1.5994896150286089,1e-05
1,0,0,1.5432673356971048e+16,2.6,3.239351358904944,0.639351358904944,11,8.666666666666668,1.9279406547595315,1.7275296642086826,1e-05
1,0,0,1.5432673356971048e+16,2.6,47.039351358904945,44.43935135890494,11,8.666666666666668,1.9279406547595315,1.7275296642086826,1e-05
1,0,1,8.85014874654995e+20,9.583333333333334,,,11,8.666666666666668,1.9279406547595315,1.7275296642086826,1e-05
1,0,0,1.551672291257754e+16,2.6,3.1534356628405575,0.5534356628405575,11,9.833333333333334,1.9298765666812019,1.840357659877611,1e-05
1,0,0,1.551672291257754e+16,2.6,47.22010232950723,44.620102329507226,11,9.833333333333334,1.9298765666812019,1.840357659877611,1e-05
1,0,1,8.850148651486478e+20,9.116666666666667,,,11,9.833333333333334,1.9298765666812019,1.840357659877611,1e-05
1,0,0,1.5602954121932836e+16,2.6,3.0886911338651593,0.48869113386515917,11,11.0,1.9317940841136931,1.9406132583335312,1e-05
1,0,0,1.5602954121932836e+16,2.6,47.33869113386516,44.73869113386516,11,11.0,1.9317940841136931,1.9406132583335312,1e-05
1,0,1,8.850148650830135e+20,8.733333333333333,,,11,11.0,1.9317940841136931,1.9406132583335312,1e-05
1,0,0,1.4895810832990848e+16,2.5166666666666666,16.42965314101007,13.912986474343406,12,0.5,1.99189205847012,0.1837940321804966,1e-05
1,0,0,1.4895810832990848e+16,2.5166666666666666,22.646319807676736,20.12965314101007,12,0.5,1.99189205847012,0.1837940321804966,1e-05
1,0,0,1.4975758047507758e+16,2.5166666666666666,6.319295216794508,3.8026285501278414,12,1.7777777777777777,1.9938488703777308,0.5878402742601568,1e-05
1,0,0,1.4975758047507758e+16,2.5166666666666666,42.21929521679451,39.70262855012784,12,1.7777777777777777,1.9938488703777308,0.5878402742601568,1e-05
1,0,1,8.850148650741428e+20,25.0,,,12,1.7777777777777777,1.9938488703777308,0.5878402742601568,1e-05
1,0,0,1.5041537683774054e+16,2.5,4.594556636263815,2.094556636263815,12,3.0555555555555554,1.995801934735016,0.8952894222302082,1e-05
1,0,0,1.5041537683774054e+16,2.5,44.644556636263815,42.144556636263815,12,3.0555555555555554,1.995801934735016,0.8952894222302082,1e-05
1,0,1,8.850148654398442e+20,16.866666666666667,,,12,3.0555555555555554,1.995801934735016,0.8952894222302082,1e-05
1,0,0,1.5117911719888924e+16,2.5,3.9139044162910164,1.4139044162910164,12,4.333333333333333,1.9977337002375914,1.1442979171842709,1e-05
1,0,0,1.5117911719888924e+16,2.5,45.713904416291015,43.213904416291015,12,4.333333333333333,1.9977337002375914,1.1442979171842709,1e-05
1,0,1,8.850148660762078e+20,13.516666666666666,,,12,4.333333333333333,1.9977337002375914,1.1442979171842709,1e-05
1,0,0,1.5195907751666996e+16,2.5,3.5514600312041087,1.0514600312041087,12,5.611111111111111,1.999680047824417,1.350842803034298,1e-05
1,0,0,1.5195907751666996e+16,2.5,46.318126697870774,43.818126697870774,12,5.611111111111111,1.999680047824417,1.350842803034298,1e-05
1,0,1,8.85014872073196e+20,11.683333333333334,,,12,5.611111111111111,1.999680047824417,1.350842803034298,1e-05
1,0,0,1.52756261926876e+16,2.5,3.3336591018248014,0.8336591018248014,12,6.888888888888888,2.0016230979854908,1.5252709788685785,1e-05
1,0,0,1.52756261926876e+16,2.5,46.70032576849147,44.20032576849147,12,6.888888888888888,2.0016230979854908,1.5252709788685785,1e-05
1,0,1,8.850148650737365e+20,10.533333333333333,,,12,6.888888888888888,2.0016230979854908,1.5252709788685785,1e-05
1,0,0,1.5357157606392684e+16,2.5,3.1861729063328634,0.6861729063328634,12,8.166666666666666,2.003545856677427,1.674687899679336,1e-05
1,0,0,1.5357157606392684e+16,2.5,46.969506239666195,44.469506239666195,12,8.166666666666666,2.003545856677427,1.674687899679336,1e-05
1,0,1,8.85014878895363e+20,9.733333333333333,,,12,8.166666666666666,2.003545856677427,1.674687899679336,1e-05
1,0,0,1.5440623791728268e+16,2.5,3.0795899471629404,0.5795899471629404,12,9.444444444444443,2.0054660312231185,1.804259670669149,1e-05
1,0,0,1.5440623791728268e+16,2.5,47.179589947162945,44.679589947162945,12,9.444444444444443,2.0054660312231185,1.804259670669149,1e-05
1,0,1,8.85014866692638e+20,9.15,,,12,9.444444444444443,2.0054660312231185,1.804259670669149,1e-05
1,0,0,1.5595623662265636e+16,2.5166666666666666,3.005882906316961,0.4892162396502946,12,10.722222222222221,2.0074012254742164,1.9177805790268545,1e-05
1,0,0,1.5595623662265636e+16,2.5166666666666666,47.32254957298363,44.80588290631697,12,10.722222222222221,2.0074012254742164,1.9177805790268545,1e-05
1,0,1,8.850148688522558e+20,8.716666666666667,,,12,10.722222222222221,2.0074012254742164,1.9177805790268545,1e-05
1,0,0,1.561371700432866e+16,2.5,2.9428048373299776,0.44280483732997755,12,12.0,2.009317394375556,2.0180846569524062,1e-05
1,0,0,1.561371700432866e+16,2.5,47.44280483732998,44.94280483732998,12,12.0,2.009317394375556,2.0180846569524062,1e-05
1,0,1,8.850148677796653e+20,8.366666666666667,,,12,12.0,2.009317394375556,2.0180846569524062,1e-05
1,0,0,1.4891802476079922e+16,2.4166666666666665,17.116922893669233,14.700256227002567,13,0.5,2.062775565205548,0.19087887662414804,1e-05
1,0,0,1.4891802476079922e+16,2.4166666666666665,17.300256227002563,14.883589560335897,13,0.5,2.062775565205548,0.19087887662414804,1e-05
1,0,0,1.4967171766309352e+16,2.4166666666666665,6.019989932321922,3.603323265655255,13,1.8888888888888888,2.0647272970106285,0.6174715818983627,1e-05
1,0,0,1.4967171766309352e+16,2.4166666666666665,42.569989932321924,40.15332326565526,13,1.8888888888888888,2.0647272970106285,0.6174715818983627,1e-05
1,0,1,8.85014874501756e+20,23.816666666666666,,,13,1.8888888888888888,2.0647272970106285,0.6174715818983627,1e-05
1,0,0,1.5044049079762108e+16,2.4166666666666665,4.364052838343474,1.9473861716768073,13,3.2777777777777777,2.066675106643981,0.9422443045115199,1e-05
1,0,0,1.5044049079762108e+16,2.4166666666666665,44.89738617167681,42.48071950501014,13,3.2777777777777777,2.066675106643981,0.9422443045115199,1e-05
1,0,1,8.850148661823249e+20,16.016666666666666,,,13,3.2777777777777777,2.066675106643981,0.9422443045115199,1e-05
1,0,0,1.5122509652237076e+16,2.4166666666666665,3.7222195001924794,1.3055528335258129,13,4.666666666666666,2.068601076314776,1.2017849731256087,1e-05
1,0,0,1.5122509652237076e+16,2.4166666666666665,45.90555283352582,43.48888616685915,13,4.666666666666666,2.068601076314776,1.2017849731256087,1e-05
1,0,1,8.850148655260263e+20,12.866666666666667,,,13,4.666666666666666,2.068601076314776,1.2017849731256087,1e-05
1,0,0,1.52027193478778e+16,2.4166666666666665,3.385299952622325,0.9686332859556583,13,6.055555555555555,2.070541631045929,1.4147449557471052,1e-05
1,0,0,1.52027193478778e+16,2.4166666666666665,46.46863328595566,44.051966619289,13,6.055555555555555,2.070541631045929,1.4147449557471052,1e-05
1,0,1,8.850148674534417e+20,11.15,,,13,6.055555555555555,2.070541631045929,1.4147449557471052,1e-05
1,0,0,1.5284515216180696e+16,2.4166666666666665,3.17346106694324,0.7567944002765734,13,7.444444444444445,2.0724786778652478,1.5897969925635183,1e-05
1,0,0,1.5284515216180696e+16,2.4166666666666665,3.3567944002765735,0.940127733609907,13,7.444444444444445,2.0724786778652478,1.5897969925635183,1e-05
1,0,0,1.5284515216180696e+16,2.4166666666666665,47.02346106694324,44.60679440027658,13,7.444444444444445,2.0724786778652478,1.5897969925635183,1e-05
1,0,1,8.850148684710695e+20,10.066666666666666,,,13,7.444444444444445,2.0724786778652478,1.5897969925635183,1e-05
1,0,0,1.536834100735679e+16,2.4166666666666665,3.0445671902419513,0.6279005235752848,13,8.833333333333332,2.074394857907978,1.7444981011069658,1e-05
1,0,0,1.536834100735679e+16,2.4166666666666665,47.09456719024195,44.67790052357529,13,8.833333333333332,2.074394857907978,1.7444981011069658,1e-05
1,0,1,8.850148696635172e+20,9.333333333333334,,,13,8.833333333333332,2.074394857907978,1.7444981011069658,1e-05
1,0,0,1.5454118434019538e+16,2.4166666666666665,2.946573454742878,0.5299067880762114,13,10.222222222222221,2.0763081333649036,1.875069060134062,1e-05
1,0,0,1.5454118434019538e+16,2.4166666666666665,47.27990678807621,44.86324012140955,13,10.222222222222221,2.0763081333649036,1.875069060134062,1e-05
1,0,1,8.850148673998936e+20,8.8,,,13,10.222222222222221,2.0763081333649036,1.875069060134062,1e-05
1,0,0,1.5541957595930204e+16,2.4166666666666665,2.8750416590106473,0.4583749923439808,13,11.61111111111111,2.07823673446207,1.98880275306833,1e-05
1,0,0,1.5541957595930204e+16,2.4166666666666665,47.425041659010645,45.00837499234398,13,11.61111111111111,2.07823673446207,1.98880275306833,1e-05
1,0,1,8.850148841220559e+20,8.383333333333333,,,13,11.61111111111111,2.07823673446207,1.98880275306833,1e-05
1,0,0,1.5632043342941032e+16,2.4166666666666665,2.8201005944318083,0.40343392776514175,13,13.0,2.0801455639852002,2.088837825481092,1e-05
1,0,0,1.5632043342941032e+16,2.4166666666666665,47.536767261098476,45.12010059443181,13,13.0,2.0801455639852002,2.088837825481092,1e-05
1,0,1,8.850148667813503e+20,8.066666666666666,,,13,13.0,2.0801455639852002,2.088837825481092,1e-05
1,0,0,1.4891159960947448e+16,2.35,17.363333538013457,15.013333538013457,14,0.5,2.1278510804652617,0.192702988881034,1e-05
1,0,0,1.4970650432821696e+16,2.35,5.728771174883647,3.378771174883647,14,2.0,2.129793047987147,0.6437895542800631,1e-05
1,0,0,1.4970650432821696e+16,2.35,6.145437841550313,3.795437841550313,14,2.0,2.129793047987147,0.6437895542800631,1e-05
1,0,0,1.4970650432821696e+16,2.35,43.11210450821698,40.76210450821698,14,2.0,2.129793047987147,0.6437895542800631,1e-05
1,0,1,8.850148705961325e+20,22.75,,,14,2.0,2.129793047987147,0.6437895542800631,1e-05
1,0,0,1.5051901157154874e+16,2.35,4.1674053506294975,1.8174053506294974,14,3.5,2.1317308853972556,0.9875519038027784,1e-05
1,0,0,1.5051901157154874e+16,2.35,45.1174053506295,42.767405350629495,14,3.5,2.1317308853972556,0.9875519038027784,1e-05
1,0,1,8.850148659622331e+20,15.283333333333333,,,14,3.5,2.1317308853972556,0.9875519038027784,1e-05
1,0,0,1.5134988868750956e+16,2.35,3.5535688488605963,1.2035688488605962,14,5.0,2.1336461419712616,1.2553426912271854,1e-05
1,0,0,1.5134988868750956e+16,2.35,4.303568848860595,1.9535688488605953,14,5.0,2.1336461419712616,1.2553426912271854,1e-05
1,0,0,1.5134988868750956e+16,2.35,46.070235515527266,43.720235515527264,14,5.0,2.1336461419712616,1.2553426912271854,1e-05
1,0,1,8.850148717534727e+20,12.3,,,14,5.0,2.1336461419712616,1.2553426912271854,1e-05
1,0,0,1.5219801852233232e+16,2.35,3.239764856687154,0.8897648566871541,14,6.5,2.135576371200661,1.4751041730176968,1e-05
1,0,0,1.5219801852233232e+16,2.35,46.62309819002049,44.27309819002049,14,6.5,2.135576371200661,1.4751041730176968,1e-05
1,0,1,8.850148733637868e+20,10.683333333333334,,,14,6.5,2.135576371200661,1.4751041730176968,1e-05
1,0,0,1.5306802591575528e+16,2.35,3.0482777079897834,0.6982777079897833,14,8.0,2.137502760129692,1.6564225133968682,1e-05
1,0,0,1.5306802591575528e+16,2.35,46.964944374656454,44.61494437465645,14,8.0,2.137502760129692,1.6564225133968682,1e-05
1,0,1,8.850148657075243e+20,9.666666666666666,,,14,8.0,2.137502760129692,1.6564225133968682,1e-05
1,0,0,1.5395896453774836e+16,2.35,2.9230677725037713,0.5730677725037712,14,9.5,2.139407597082581,1.809512915115278,1e-05
1,0,0,1.5395896453774836e+16,2.35,47.18973443917044,44.839734439170435,14,9.5,2.139407597082581,1.809512915115278,1e-05
1,0,1,8.850148656719874e+20,8.983333333333333,,,14,9.5,2.139407597082581,1.809512915115278,1e-05
1,0,0,1.5487308927296496e+16,2.35,2.8312735671530516,0.4812735671530515,14,11.0,2.141327792938128,1.9406178830553822,1e-05
1,0,0,1.5487308927296496e+16,2.35,47.364606900486386,45.014606900486385,14,11.0,2.141327792938128,1.9406178830553822,1e-05
1,0,1,8.850148652485575e+20,8.483333333333333,,,14,11.0,2.141327792938128,1.9406178830553822,1e-05
1,0,0,1.5581122500214278e+16,2.35,2.7654364223061396,0.41543642230613953,14,12.5,2.1432270655275705,2.05425154855288,1e-05
1,0,0,1.5581122500214278e+16,2.35,47.49876975563947,45.14876975563947,14,12.5,2.1432270655275705,2.05425154855288,1e-05
1,0,1,8.850148761589392e+20,8.1,,,14,12.5,2.1432270655275705,2.05425154855288,1e-05
1,0,0,1.5677536788740188e+16,2.35,2.714706497543272,0.3647064975432719,14,14.0,2.1451419015200726,2.153738307001009,1e-05
1,0,0,1.5677536788740188e+16,2.35,47.614706497543274,45.26470649754327,14,14.0,2.1451419015200726,2.153738307001009,1e-05
1,0,1,8.850148668186991e+20,7.8,,,14,14.0,2.1451419015200726,2.153738307001009,1e-05
1,0,0,1.488935646365838e+16,2.283333333333333,17.428030930732046,15.144697597398713,15,0.5,2.187834247263358,0.19273910570984817,1e-05
1,0,0,1.496876564097454e+16,2.283333333333333,5.520430369769738,3.2370970364364045,15,2.111111111111111,2.189762803107124,0.6749548652539258,1e-05
1,0,0,1.496876564097454e+16,2.283333333333333,43.02043036976974,40.73709703643641,15,2.111111111111111,2.189762803107124,0.6749548652539258,1e-05
1,0,1,8.850148804127465e+20,21.8,,,15,2.111111111111111,2.189762803107124,0.6749548652539258,1e-05
1,0,0,1.5049818063159592e+16,2.283333333333333,3.989926013439958,1.706592680106625,15,3.7222222222222223,2.1916870657894933,1.0313144237108534,1e-05
1,0,0,1.5049818063159592e+16,2.283333333333333,45.32325934677329,43.03992601343996,15,3.7222222222222223,2.1916870657894933,1.0313144237108534,1e-05
1,0,1,8.850152096666507e+20,14.633333333333333,,,15,3.7222222222222223,2.1916870657894933,1.0313144237108534,1e-05
1,0,0,1.5132587316711616e+16,2.283333333333333,3.4109752947170056,1.1276419613836723,15,5.333333333333334,2.193588312692385,1.3089791298456297,1e-05
1,0,0,1.5132587316711616e+16,2.283333333333333,46.227641961383675,43.944308628050344,15,5.333333333333334,2.193588312692385,1.3089791298456297,1e-05
1,0,1,8.850148658591232e+20,11.8,,,15,5.333333333333334,2.193588312692385,1.3089791298456297,1e-05
1,0,0,1.5217174371153754e+16,2.283333333333333,3.114091605429068,0.8307582720957347,15,6.944444444444445,2.1955045675093157,1.532237958741632,1e-05
1,0,0,1.5217174371153754e+16,2.283333333333333,46.74742493876241,44.464091605429076,15,6.944444444444445,2.1955045675093157,1.532237958741632,1e-05
1,0,1,8.850148673533806e+20,10.283333333333333,,,15,6.944444444444445,2.1955045675093157,1.532237958741632,1e-05
1,0,0,1.5303678518051584e+16,2.283333333333333,2.934358923177427,0.6510255898440938,15,8.555555555555555,2.197417063095702,1.7160377520068015,1e-05
1,0,0,1.5303678518051584e+16,2.283333333333333,47.06769225651076,44.78435892317743,15,8.555555555555555,2.197417063095702,1.7160377520068015,1e-05
1,0,1,8.850148660031872e+20,9.333333333333334,,,15,8.555555555555555,2.197417063095702,1.7160377520068015,1e-05
1,0,0,1.5392290845679022e+16,2.283333333333333,2.8149002862490846,0.5315669529157514,15,10.166666666666668,2.199307160632593,1.8701934623768957,1e-05
1,0,0,1.5392290845679022e+16,2.283333333333333,47.28156695291575,44.99823361958242,15,10.166666666666668,2.199307160632593,1.8701934623768957,1e-05
1,0,1,8.850148690887492e+20,8.683333333333334,,,15,10.166666666666668,2.199307160632593,1.8701934623768957,1e-05
1,0,0,1.5475550905043032e+16,2.283333333333333,2.7339359136313206,0.4506025802979874,15,11.777777777777779,2.201212963423676,2.001484023542675,1e-05
1,0,0,1.5475550905043032e+16,2.283333333333333,47.45060258029799,45.16726924696466,15,11.777777777777779,2.201212963423676,2.001484023542675,1e-05
1,0,1,8.85014867098866e+20,8.216666666666667,,,15,11.777777777777779,2.201212963423676,2.001484023542675,1e-05
1,0,0,1.5566639877114674e+16,2.283333333333333,2.6722278252921177,0.38889449195878445,15,13.38888888888889,2.203115153721454,2.1147235406309597,1e-05
1,0,0,1.5566639877114674e+16,2.283333333333333,47.58889449195878,45.30556115862545,15,13.38888888888889,2.203115153721454,2.1147235406309597,1e-05
1,0,1,8.850148651309529e+20,7.85,,,15,13.38888888888889,2.203115153721454,2.1147235406309597,1e-05
1,0,0,1.5578285879115376e+16,2.2666666666666666,2.6213282721062177,0.35466160543955105,15,15.0,2.2049972831392073,2.2135021921188414,1e-05
1,0,0,1.5578285879115376e+16,2.2666666666666666,47.67132827210622,45.40466160543956,15,15.0,2.2049972831392073,2.2135021921188414,1e-05
1,0,1,8.850148767336561e+20,7.566666666666666,,,15,15.0,2.2049972831392073,2.2135021921188414,1e-05
1,0,0,1.4888926585446146e+16,2.2333333333333334,17.47599505487305,15.242661721539715,16,0.5,2.24329548088976,0.19269696614943554,1e-05
1,0,0,1.4972427609101086e+16,2.2333333333333334,5.300494896466703,3.0671615631333697,16,2.2222222222222223,2.2452267680393088,0.7027794218450573,1e-05
1,0,0,1.4972427609101086e+16,2.2333333333333334,43.400494896466704,41.16716156313337,16,2.2222222222222223,2.2452267680393088,0.7027794218450573,1e-05
1,0,1,8.850149220619358e+20,20.933333333333334,,,16,2.2222222222222223,2.2452267680393088,0.7027794218450573,1e-05
1,0,0,1.5055823825267212e+16,2.2333333333333334,3.836982077775544,1.6036487444422107,16,3.9444444444444446,2.2471175733688398,1.0736036281414023,1e-05
1,0,0,1.5055823825267212e+16,2.2333333333333334,45.50364874444221,43.270315411108875,16,3.9444444444444446,2.2471175733688398,1.0736036281414023,1e-05
1,0,1,8.850148654424919e+20,14.066666666666666,,,16,3.9444444444444446,2.2471175733688398,1.0736036281414023,1e-05
1,0,0,1.5142190083638544e+16,2.2333333333333334,3.287036345562368,1.0537030122290347,16,5.666666666666667,2.2490210325913242,1.359039722279923,1e-05
1,0,0,1.5142190083638544e+16,2.2333333333333334,46.370369678895706,44.13703634556237,16,5.666666666666667,2.2490210325913242,1.359039722279923,1e-05
1,0,1,8.850148651647389e+20,11.366666666666667,,,16,5.666666666666667,2.2490210325913242,1.359039722279923,1e-05
1,0,0,1.523057857823228e+16,2.2333333333333334,3.0050446094272334,0.7717112760939,16,7.388888888888889,2.2509203677942677,1.5863959648878738,1e-05
1,0,0,1.523057857823228e+16,2.2333333333333334,46.85504460942724,44.621711276093905,16,7.388888888888889,2.2509203677942677,1.5863959648878738,1e-05
1,0,1,8.850148653010754e+20,9.916666666666666,,,16,7.388888888888889,2.2509203677942677,1.5863959648878738,1e-05
1,0,0,1.5320522492273654e+16,2.2333333333333334,2.8360984242593306,0.6027650909259972,16,9.11111111111111,2.2528155993900754,1.77215743996334,1e-05
1,0,0,1.5320522492273654e+16,2.2333333333333334,47.152765090925996,44.91943175759266,16,9.11111111111111,2.2528155993900754,1.77215743996334,1e-05
1,0,1,8.850148701777912e+20,9.033333333333333,,,16,9.11111111111111,2.2528155993900754,1.77215743996334,1e-05
1,0,0,1.5359471894670012e+16,2.216666666666667,2.7210174728596126,0.5043508061929458,16,10.833333333333334,2.254688055562574,1.9269952250397036,1e-05
1,0,0,1.5359471894670012e+16,2.216666666666667,47.35435080619295,45.13768413952628,16,10.833333333333334,2.254688055562574,1.9269952250397036,1e-05
1,0,1,8.850148663699434e+20,8.416666666666666,,,16,10.833333333333334,2.254688055562574,1.9269952250397036,1e-05
1,0,0,1.5443460761508678e+16,2.216666666666667,2.6444059971192435,0.4277393304525767,16,12.555555555555557,2.2565765976011334,2.058164678649183,1e-05
1,0,0,1.5443460761508678e+16,2.216666666666667,47.527739330452576,45.31107266378591,16,12.555555555555557,2.2565765976011334,2.058164678649183,1e-05
1,0,1,8.850148650652771e+20,7.966666666666667,,,16,12.555555555555557,2.2565765976011334,2.058164678649183,1e-05
1,0,0,1.5529012441905512e+16,2.216666666666667,2.585866932693874,0.3692002660272071,16,14.277777777777779,2.258443195461106,2.1708195197454083,1e-05
1,0,0,1.5529012441905512e+16,2.216666666666667,47.652533599360545,45.43586693269388,16,14.277777777777779,2.258443195461106,2.1708195197454083,1e-05
1,0,1,8.850148725829355e+20,7.633333333333333,,,16,14.277777777777779,2.258443195461106,2.1708195197454083,1e-05
1,0,0,1.5616489471952768e+16,2.216666666666667,2.5429841850270076,0.32631751836034084,16,16.0,2.26032579410191,2.2687107754134774,1e-05
1,0,0,1.5616489471952768e+16,2.216666666666667,47.74298418502701,45.526317518360344,16,16.0,2.26032579410191,2.2687107754134774,1e-05
1,0,1,8.850148657156664e+20,7.366666666666666,,,16,16.0,2.26032579410191,2.2687107754134774,1e-05
1,0,0,1.4887523486175254e+16,2.183333333333333,17.524559242311764,15.34122590897843,17,0.5,2.2947754358412373,0.19269695091339886,1e-05
1,0,0,1.497231951650011e+16,2.183333333333333,5.106800561245086,2.9234672279117526,17,2.333333333333333,2.29666811070065,0.7300821857612431,1e-05
1,0,0,1.497231951650011e+16,2.183333333333333,43.64013389457842,41.45680056124509,17,2.333333333333333,2.29666811070065,0.7300821857612431,1e-05
1,0,1,8.850148665758104e+20,20.166666666666668,,,17,2.333333333333333,2.29666811070065,0.7300821857612431,1e-05
1,0,0,1.5038808730992542e+16,2.1666666666666665,3.696774006927149,1.5301073402604826,17,4.166666666666666,2.2985577362158156,1.1144893946368368,1e-05
1,0,0,1.5038808730992542e+16,2.1666666666666665,45.680107340260484,43.51344067359382,17,4.166666666666666,2.2985577362158156,1.1144893946368368,1e-05
1,0,1,8.850148689046637e+20,13.549999999999999,,,17,4.166666666666666,2.2985577362158156,1.1144893946368368,1e-05
1,0,0,1.5147098852579072e+16,2.183333333333333,3.1724203786796576,0.9890870453463245,17,6.0,2.3004429505347894,1.4069488763252356,1e-05
1,0,0,1.5147098852579072e+16,2.183333333333333,46.489087045346324,44.305753712012994,17,6.0,2.3004429505347894,1.4069488763252356,1e-05
1,0,1,8.850148659536535e+20,10.983333333333333,,,17,6.0,2.3004429505347894,1.4069488763252356,1e-05
1,0,0,1.519729234964362e+16,2.1666666666666665,2.9041902763371215,0.7375236096704549,17,7.833333333333333,2.302323879212176,1.6378098185448589,1e-05
1,0,0,1.519729234964362e+16,2.1666666666666665,46.95419027633712,44.78752360967046,17,7.833333333333333,2.302323879212176,1.6378098185448589,1e-05
1,0,1,8.850148693831529e+20,9.6,,,17,7.833333333333333,2.302323879212176,1.6378098185448589,1e-05
1,0,0,1.5278606809355456e+16,2.1666666666666665,2.7444221185144864,0.5777554518478198,17,9.666666666666666,2.3041816472067986,1.8250699250453877,1e-05
1,0,0,1.5278606809355456e+16,2.1666666666666665,47.244422118514485,45.07775545184782,17,9.666666666666666,2.3041816472067986,1.8250699250453877,1e-05
1,0,1,8.850148650800766e+20,8.75,-inf,-inf,17,9.666666666666666,2.3041816472067986,1.8250699250453877,1e-05
1,0,0,1.5361689165057716e+16,2.1666666666666665,2.639528236369836,0.4728615697031695,17,11.5,2.3060547589943137,1.9802516600883215,1e-05
1,0,0,1.5361689165057716e+16,2.1666666666666665,47.43952823636984,45.272861569703174,17,11.5,2.3060547589943137,1.9802516600883215,1e-05
1,0,1,8.850148667594611e+20,8.183333333333334,,,17,11.5,2.3060547589943137,1.9802516600883215,1e-05
1,0,0,1.5445932380539828e+16,2.1666666666666665,2.566804334980879,0.4001376683142124,17,13.333333333333332,2.3079241570029394,2.1110957973714446,1e-05
1,0,0,1.5445932380539828e+16,2.1666666666666665,47.583471001647546,45.41680433498088,17,13.333333333333332,2.3079241570029394,2.1110957973714446,1e-05
1,0,1,8.850155227704593e+20,7.766666666666667,,,17,13.333333333333332,2.3079241570029394,2.1110957973714446,1e-05
1,0,0,1.553209194666893e+16,2.1666666666666665,2.512849841038721,0.3461831743720545,17,15.166666666666666,2.3097714235631157,2.2230186703725336,1e-05
1,0,0,1.553209194666893e+16,2.1666666666666665,47.69618317437206,45.529516507705395,17,15.166666666666666,2.3097714235631157,2.2230186703725336,1e-05
1,0,1,8.850148656928787e+20,7.45,,,17,15.166666666666666,2.3097714235631157,2.2230186703725336,1e-05
1,0,0,1.5619646279267978e+16,2.1666666666666665,2.4701149658465393,0.3034482991798728,17,17.0,2.311615780973769,2.3199130838891655,1e-05
1,0,0,1.5619646279267978e+16,2.1666666666666665,47.78678163251321,45.62011496584655,17,17.0,2.311615780973769,2.3199130838891655,1e-05
1,0,1,8.850148654388212e+20,7.2,,,17,17.0,2.311615780973769,2.3199130838891655,1e-05
1,0,0,1.488600009835519e+16,2.1333333333333333,17.57938563998762,15.446052306654288,18,0.5,2.3426774317751504,0.19267375658435504,1e-05
1,0,0,1.4968596359852144e+16,2.1333333333333333,4.93162401834778,2.798290685014447,18,2.4444444444444446,2.3445334042642543,0.7568544491489648,1e-05
1,0,0,1.4968596359852144e+16,2.1333333333333333,43.84829068501445,41.714957351681115,18,2.4444444444444446,2.3445334042642543,0.7568544491489648,1e-05
1,0,1,8.85014865435419e+20,19.45,,,18,2.4444444444444446,2.3445334042642543,0.7568544491489648,1e-05
1,0,0,1.5052803853939052e+16,2.1333333333333333,3.5719349148756905,1.4386015815423572,18,4.388888888888889,2.3464033124242305,1.1540764430796466,1e-05
1,0,0,1.5052803853939052e+16,2.1333333333333333,45.805268248209025,43.67193491487569,18,4.388888888888889,2.3464033124242305,1.1540764430796466,1e-05
1,0,1,8.85014865114124e+20,13.1,,,18,4.388888888888889,2.3464033124242305,1.1540764430796466,1e-05
1,0,0,1.513874425085163e+16,2.1333333333333333,3.069571793242494,0.9362384599091609,18,6.333333333333333,2.348268672845794,1.4528691456142802,1e-05
1,0,0,1.513874425085163e+16,2.1333333333333333,46.60290512657583,44.469571793242494,18,6.333333333333333,2.348268672845794,1.4528691456142802,1e-05
1,0,1,8.850148651503228e+20,10.633333333333333,,,18,6.333333333333333,2.348268672845794,1.4528691456142802,1e-05
1,0,0,1.5226773239801414e+16,2.1333333333333333,2.8173774208120625,0.6840440874787292,18,8.277777777777779,2.350129640424656,1.6866974862587991,1e-05
1,0,0,1.5226773239801414e+16,2.1333333333333333,47.03404408747873,44.9007107541454,18,8.277777777777779,2.350129640424656,1.6866974862587991,1e-05
1,0,1,8.850148651932398e+20,9.333333333333334,,,18,8.277777777777779,2.350129640424656,1.6866974862587991,1e-05
1,0,0,1.5316436568653876e+16,2.1333333333333333,2.668027410748345,0.5346940774150117,18,10.222222222222221,2.351986245326536,1.875076508536311,1e-05
1,0,0,1.5316436568653876e+16,2.1333333333333333,47.31802741074835,45.18469407741502,18,10.222222222222221,2.351986245326536,1.875076508536311,1e-05
1,0,1,8.850148756727046e+20,8.516666666666666,,,18,10.222222222222221,2.351986245326536,1.875076508536311,1e-05
1,0,0,1.5408255014338696e+16,2.1333333333333333,2.5680634719084474,0.4347301385751141,18,12.166666666666666,2.353819697875505,2.030323843490461,1e-05
1,0,0,1.5408255014338696e+16,2.1333333333333333,47.50139680524178,45.36806347190845,18,12.166666666666666,2.353819697875505,2.030323843490461,1e-05
1,0,1,8.850148651006697e+20,7.966666666666667,,,18,12.166666666666666,2.353819697875505,2.030323843490461,1e-05
1,0,0,1.5502103676289498e+16,2.1333333333333333,2.499080764740131,0.36574743140679766,18,14.11111111111111,2.355668858320119,2.160626469929162,1e-05
1,0,0,1.5502103676289498e+16,2.1333333333333333,47.649080764740134,45.5157474314068,18,14.11111111111111,2.355668858320119,2.160626469929162,1e-05
1,0,1,8.850152646813571e+20,7.583333333333333,,,18,14.11111111111111,2.355668858320119,2.160626469929162,1e-05
1,0,0,1.550525321443224e+16,2.1166666666666667,2.445999714995345,0.3293330483286785,18,16.055555555555557,2.357495291507131,2.2716702649030007,1e-05
1,0,0,1.550525321443224e+16,2.1166666666666667,47.74599971499535,45.62933304832868,18,16.055555555555557,2.357495291507131,2.2716702649030007,1e-05
1,0,1,8.850148653457002e+20,7.266666666666667,,,18,16.055555555555557,2.357495291507131,2.2716702649030007,1e-05
1,0,0,1.55886092752121e+16,2.1166666666666667,2.4063041205458235,0.28963745387915685,18,18.0,2.3593380543121523,2.367497189473487,1e-05
1,0,0,1.55886092752121e+16,2.1166666666666667,47.839637453879156,45.72297078721249,18,18.0,2.3593380543121523,2.367497189473487,1e-05
1,0,1,8.85014873626685e+20,7.033333333333333,,,18,18.0,2.3593380543121523,2.367497189473487,1e-05
1,0,0,1.4883778010353144e+16,2.0833333333333335,17.626028480365243,15.542695147031909,19,0.5,2.387357274775777,0.19252226420162644,1e-05
1,0,0,1.4883778010353144e+16,2.0833333333333335,27.859361813698577,25.776028480365245,19,0.5,2.387357274775777,0.19252226420162644,1e-05
1,0,0,1.497310009107974e+16,2.1,4.76903656572473,2.66903656572473,19,2.5555555555555554,2.389192509228046,0.7831087868766001,1e-05
1,0,0,1.497310009107974e+16,2.1,44.052369899058064,41.95236989905806,19,2.5555555555555554,2.389192509228046,0.7831087868766001,1e-05
1,0,1,8.850148654742714e+20,18.8,,,19,2.5555555555555554,2.389192509228046,0.7831087868766001,1e-05
1,0,0,1.5040823870925992e+16,2.0833333333333335,3.4563860648771616,1.3730527315438281,19,4.611111111111111,2.391041632925272,1.1923953663157283,1e-05
1,0,0,1.5040823870925992e+16,2.0833333333333335,45.9397193982105,43.856386064877164,19,4.611111111111111,2.391041632925272,1.1923953663157283,1e-05
1,0,1,8.850148654382395e+20,12.666666666666666,,,19,4.611111111111111,2.391041632925272,1.1923953663157283,1e-05
1,0,0,1.5121011653480244e+16,2.0833333333333335,2.9801901718338093,0.8968568385004758,19,6.666666666666666,2.392886122618285,1.4969046281813534,1e-05
1,0,0,1.5121011653480244e+16,2.0833333333333335,46.69685683850048,44.613523505167144,19,6.666666666666666,2.392886122618285,1.4969046281813534,1e-05
1,0,1,8.85015174652381e+20,10.316666666666666,,,19,6.666666666666666,2.392886122618285,1.4969046281813534,1e-05
1,0,0,1.5202635354292954e+16,2.0833333333333335,2.7381399803462765,0.654806647012943,19,8.722222222222221,2.394726144982093,1.7332274110245929,1e-05
1,0,0,1.5202635354292954e+16,2.0833333333333335,47.121473313679616,45.03813998034628,19,8.722222222222221,2.394726144982093,1.7332274110245929,1e-05
1,0,1,8.850148653911853e+20,9.066666666666666,,,19,8.722222222222221,2.394726144982093,1.7332274110245929,1e-05
1,0,0,1.5285811240938452e+16,2.0833333333333335,2.5958995712492747,0.5125662379159412,19,10.777777777777777,2.3965618245696945,1.9223982054046296,1e-05
1,0,0,1.5285811240938452e+16,2.0833333333333335,47.37923290458261,45.29589957124927,19,10.777777777777777,2.3965618245696945,1.9223982054046296,1e-05
1,0,1,8.850155225089864e+20,8.3,,,19,10.777777777777777,2.3965618245696945,1.9223982054046296,1e-05
1,0,0,1.5370400645970392e+16,2.0833333333333335,2.501000956700986,0.4176676233676524,19,12.833333333333332,2.3983933411327003,2.0774760033754816,1e-05
1,0,0,1.5370400645970392e+16,2.0833333333333335,47.567667623367655,45.48433429003432,19,12.833333333333332,2.3983933411327003,2.0774760033754816,1e-05
1,0,1,8.85014866802195e+20,7.783333333333333,,,19,12.833333333333332,2.3983933411327003,2.0774760033754816,1e-05
1,0,0,1.5456500025313882e+16,2.0833333333333335,2.435274616050084,0.3519412827167505,19,14.888888888888888,2.40020172108692,2.2070917111169535,1e-05
1,0,0,1.5456500025313882e+16,2.0833333333333335,47.70194128271675,45.61860794938342,19,14.888888888888888,2.40020172108692,2.2070917111169535,1e-05
1,0,1,8.85014865129894e+20,7.3999999999999995,,,19,14.888888888888888,2.40020172108692,2.2070917111169535,1e-05
1,0,0,1.554421583071204e+16,2.0833333333333335,2.3877760580280247,0.30444272469469125,19,16.944444444444443,2.4020259433797873,2.317156840228251,1e-05
1,0,0,1.554421583071204e+16,2.0833333333333335,47.804442724694695,45.72110939136136,19,16.944444444444443,2.4020259433797873,2.317156840228251,1e-05
1,0,1,8.850148680712762e+20,7.116666666666666,,,19,16.944444444444443,2.4020259433797873,2.317156840228251,1e-05
1,0,0,1.5633613253720204e+16,2.0833333333333335,2.35221560286469,0.2688822695313564,19,19.0,2.4038277390777103,2.4118677081890434,1e-05
1,0,0,1.5633613253720204e+16,2.0833333333333335,47.88554893619803,45.80221560286469,19,19.0,2.4038277390777103,2.4118677081890434,1e-05
1,0,1,8.850148707625397e+20,6.8999999999999995,,,19,19.0,2.4038277390777103,2.4118677081890434,1e-05
