exp_time,od_measured,od_setpoint,od_zero_setpoint,thermostat_setpoint,heating_rate,internal_air_temp,external_air_temp,media_temp,opt_gen_act_int,pump_1_rate,pump_2_rate,pump_3_rate,pump_4_rate,media_vol,stirring_rate,LED_395nm_setpoint,LED_457nm_setpoint,LED_500nm_setpoint,LED_523nm_setpoint,LED_595nm_setpoint,LED_623nm_setpoint,LED_6500K_setpoint,laser_setpoint,LED_UV_int,FP1_base,FP1_emit1,FP1_emit2,FP2_base,FP2_emit1,FP2_emit2,FP3_base,FP3_emit1,FP3_emit2,custom_prog_param1,custom_prog_param2,custom_prog_param3,custom_prog_status,zigzag_target,growth_rate
0.19,-0.0013017393269144002,0.6,18300.0,37.0,0.0,31.625,29.5,36.47000000000003,0.0,0.0,0.25,0.0,0.0,20.0,0.75,0.1,0.1,0.1,0.1,0.1,0.1,0.1,0.5,0.0,0.0,0.0,0.0,0.0,0.0,0.0,0.0,0.0,0.0,0.0,0.0,0.0,0.0,0.0,0.0
60.25,-0.0029253740487518816,0.6,18300.0,37.0,0.2790499999999753,31.625,29.375,36.710000000000036,0.0,0.0,0.07,0.0,0.0,20.0,0.75,0.1,0.1,0.1,0.1,0.1,0.1,0.1,0.5,0.0,0.0,0.0,0.0,0.0,0.0,0.0,0.0,0.0,0.0,0.0,0.0,0.0,0.0,0.0,0.0
120.31,-0.013475295482748745,0.6,18300.0,37.0,0.266749999999974,30.8125,29.375,36.81,0.0,0.0,0.07,0.0,0.0,20.0,0.75,0.1,0.1,0.1,0.1,0.1,0.1,0.1,0.5,0.0,0.0,0.0,0.0,0.0,0.0,0.0,0.0,0.0,0.0,0.0,0.0,0.0,0.0,0.0,0.0
180.35,-0.015462335652792987,0.6,18300.0,37.0,0.2535499999999727,31.0,29.5625,36.610000000000014,0.0,0.0,0.07,0.0,0.0,20.0,0.75,0.1,0.1,0.1,0.1,0.1,0.1,0.1,0.5,0.0,0.0,0.0,0.0,0.0,0.0,0.0,0.0,0.0,0.0,0.0,0.0,0.0,0.0,0.0,0.0
240.4,-0.007768094089029878,0.6,18300.0,37.0,0.30504999999998356,30.875,29.5,36.79000000000002,0.0,0.0,0.07,0.0,0.0,20.0,0.75,0.1,0.1,0.1,0.1,0.1,0.1,0.1,0.5,0.0,0.0,0.0,0.0,0.0,0.0,0.0,0.0,0.0,0.0,0.0,0.0,0.0,0.0,0.0,0.0
300.48,-0.015220005968572682,0.6,18300.0,37.0,0.32014999999997323,31.25,29.5,36.79000000000002,0.0,0.0,0.25,0.0,0.0,20.0,0.75,0.1,0.1,0.1,0.1,0.1,0.1,0.1,0.5,0.0,0.0,0.0,0.0,0.0,0.0,0.0,0.0,0.0,0.0,0.0,0.0,0.0,0.0,0.0,0.0
360.51,-0.0036678338976217097,0.6,18300.0,37.0,0.20774999999997257,31.0625,29.6875,36.97000000000003,0.0,0.0,0.07,0.0,0.0,20.0,0.75,0.1,0.1,0.1,0.1,0.1,0.1,0.1,0.5,0.0,0.0,0.0,0.0,0.0,0.0,0.0,0.0,0.0,0.0,0.0,0.0,0.0,0.0,0.0,0.0
420.55,-0.006800256466036332,0.6,18300.0,37.0,0.2954499999999798,30.8125,29.5,36.77000000000004,0.0,0.0,0.07,0.0,0.0,20.0,0.75,0.1,0.1,0.1,0.1,0.1,0.1,0.1,0.5,0.0,0.0,0.0,0.0,0.0,0.0,0.0,0.0,0.0,0.0,0.0,0.0,0.0,0.0,0.0,0.0
480.63,-0.01395961519732555,0.6,18300.0,37.0,0.29404999999996945,31.0625,29.6875,36.93000000000001,0.0,0.0,0.07,0.0,0.0,20.0,0.75,0.1,0.1,0.1,0.1,0.1,0.1,0.1,0.5,0.0,0.0,0.0,0.0,0.0,0.0,0.0,0.0,0.0,0.0,0.0,0.0,0.0,0.0,0.0,0.0
540.68,-0.0015480922466748058,0.6,18300.0,37.0,0.2443499999999712,30.8125,29.875,36.950000000000045,0.0,0.0,0.07,0.0,0.0,20.0,0.75,0.1,0.1,0.1,0.1,0.1,0.1,0.1,0.5,0.0,0.0,0.0,0.0,0.0,0.0,0.0,0.0,0.0,0.0,0.0,0.0,0.0,0.0,0.0,0.0
600.76,-0.004625092155450469,0.6,18300.0,37.0,0.31464999999997834,30.875,29.75,36.85000000000002,0.0,0.0,0.25,0.0,0.0,20.0,0.75,0.1,0.1,0.1,0.1,0.1,0.1,0.1,0.5,0.0,0.0,0.0,0.0,0.0,0.0,0.0,0.0,0.0,0.0,0.0,0.0,0.0,0.0,0.0,0.0
660.82,-0.01731155848254606,0.6,18300.0,37.0,0.2999499999999775,30.8125,29.6875,36.89000000000004,0.0,0.0,0.07,0.0,0.0,20.0,0.75,0.1,0.1,0.1,0.1,0.1,0.1,0.1,0.5,0.0,0.0,0.0,0.0,0.0,0.0,0.0,0.0,0.0,0.0,0.0,0.0,0.0,0.0,0.0,0.0
720.9,0.0021360024730018795,0.6,18300.0,37.0,0.23904999999997434,30.75,29.8125,36.870000000000005,0.0,0.0,0.07,0.0,0.0,20.0,0.75,0.1,0.1,0.1,0.1,0.1,0.1,0.1,0.5,0.0,0.0,0.0,0.0,0.0,0.0,0.0,0.0,0.0,0.0,0.0,0.0,0.0,0.0,0.0,0.0
780.97,-0.009201354817573382,0.6,18300.0,37.0,0.21284999999996806,30.625,29.5,36.870000000000005,0.0,0.0,0.07,0.0,0.0,20.0,0.75,0.1,0.1,0.1,0.1,0.1,0.1,0.1,0.5,0.0,0.0,0.0,0.0,0.0,0.0,0.0,0.0,0.0,0.0,0.0,0.0,0.0,0.0,0.0,0.0
841.05,0.0008609012075180635,0.6,18300.0,37.0,0.2619499999999643,30.6875,29.25,36.77000000000004,0.0,0.0,0.07,0.0,0.0,20.0,0.75,0.1,0.1,0.1,0.1,0.1,0.1,0.1,0.5,0.0,0.0,0.0,0.0,0.0,0.0,0.0,0.0,0.0,0.0,0.0,0.0,0.0,0.0,0.0,0.0
901.11,-0.004530547441726325,0.6,18300.0,37.0,0.2784499999999635,30.8125,29.125,36.89000000000004,0.0,0.0,0.0,0.0,0.0,20.0,0.75,0.1,0.1,0.1,0.1,0.1,0.1,0.1,0.5,0.0,0.0,0.0,0.0,0.0,0.0,0.0,0.0,0.0,0.0,0.0,0.0,0.0,0.0,0.0,0.0
961.17,-0.001672130108458794,0.6,18300.0,37.0,0.2790499999999621,30.6875,29.25,36.950000000000045,0.0,0.0,0.0,0.0,0.0,20.0,0.75,0.1,0.1,0.1,0.1,0.1,0.1,0.1,0.5,0.0,0.0,0.0,0.0,0.0,0.0,0.0,0.0,0.0,0.0,0.0,0.0,0.0,0.0,0.0,0.0
1021.21,0.0018527119236734064,0.6,18300.0,37.0,0.2796499999999607,30.8125,29.4375,36.85000000000002,0.0,0.0,0.0,0.0,0.0,20.0,0.75,0.1,0.1,0.1,0.1,0.1,0.1,0.1,0.5,0.0,0.0,0.0,0.0,0.0,0.0,0.0,0.0,0.0,0.0,0.0,0.0,0.0,0.0,0.0,0.0
1081.26,0.004240818063054226,0.6,18300.0,37.0,0.2755499999999645,31.0,29.5,36.710000000000036,0.0,0.0,0.0,0.0,0.0,20.0,0.75,0.1,0.1,0.1,0.1,0.1,0.1,0.1,0.5,0.0,0.0,0.0,0.0,0.0,0.0,0.0,0.0,0.0,0.0,0.0,0.0,0.0,0.0,0.0,0.0
1141.32,-0.0028085286716545074,0.6,18300.0,37.0,0.29914999999995984,31.3125,29.9375,36.89000000000004,0.0,0.0,0.0,0.0,0.0,20.0,0.75,0.1,0.1,0.1,0.1,0.1,0.1,0.1,0.5,0.0,0.0,0.0,0.0,0.0,0.0,0.0,0.0,0.0,0.0,0.0,0.0,0.0,0.0,0.0,0.0
1201.39,0.0018261309943034157,0.6,18300.0,37.0,0.2806499999999633,31.0,29.875,36.93000000000001,0.0,0.0,0.0,0.0,0.0,20.0,0.75,0.1,0.1,0.1,0.1,0.1,0.1,0.1,0.5,0.0,0.0,0.0,0.0,0.0,0.0,0.0,0.0,0.0,0.0,0.0,0.0,0.0,0.0,0.0,0.0
1261.47,0.00487179577828869,0.6,18300.0,37.0,0.28154999999996255,31.3125,29.875,37.01000000000005,0.0,0.0,0.0,0.0,0.0,20.0,0.75,0.1,0.1,0.1,0.1,0.1,0.1,0.1,0.5,0.0,0.0,0.0,0.0,0.0,0.0,0.0,0.0,0.0,0.0,0.0,0.0,0.0,0.0,0.0,0.0
1321.51,-0.0018669130063180615,0.6,18300.0,37.0,0.25004999999996025,31.3125,29.9375,37.09000000000003,0.0,0.0,0.0,0.0,0.0,20.0,0.75,0.1,0.1,0.1,0.1,0.1,0.1,0.1,0.5,0.0,0.0,0.0,0.0,0.0,0.0,0.0,0.0,0.0,0.0,0.0,0.0,0.0,0.0,0.0,0.0
1381.58,-0.009021568071439466,0.6,18300.0,37.0,0.2797499999999608,31.5625,30.0,36.81,0.0,0.0,0.0,0.0,0.0,20.0,0.75,0.1,0.1,0.1,0.1,0.1,0.1,0.1,0.5,0.0,0.0,0.0,0.0,0.0,0.0,0.0,0.0,0.0,0.0,0.0,0.0,0.0,0.0,0.0,0.0
1441.64,-0.005564383886855979,0.6,18300.0,37.0,0.300649999999956,31.8125,30.0625,36.77000000000004,0.0,0.0,0.0,0.0,0.0,20.0,0.75,0.1,0.1,0.1,0.1,0.1,0.1,0.1,0.5,0.0,0.0,0.0,0.0,0.0,0.0,0.0,0.0,0.0,0.0,0.0,0.0,0.0,0.0,0.0,0.0
1501.72,0.0008170539108767584,0.6,18300.0,37.0,0.2647499999999585,31.25,30.125,36.89000000000004,0.0,0.0,0.0,0.0,0.0,20.0,0.75,0.1,0.1,0.1,0.1,0.1,0.1,0.1,0.5,0.0,0.0,0.0,0.0,0.0,0.0,0.0,0.0,0.0,0.0,0.0,0.0,0.0,0.0,0.0,0.0
1561.79,-0.0031233748378307223,0.6,18300.0,37.0,0.2585499999999624,31.25,30.0625,36.89000000000004,0.0,0.0,0.0,0.0,0.0,20.0,0.75,0.1,0.1,0.1,0.1,0.1,0.1,0.1,0.5,0.0,0.0,0.0,0.0,0.0,0.0,0.0,0.0,0.0,0.0,0.0,0.0,0.0,0.0,0.0,0.0
1621.87,-0.005529917893480572,0.6,18300.0,37.0,0.24584999999995638,31.5625,29.875,36.870000000000005,0.0,0.0,0.0,0.0,0.0,20.0,0.75,0.1,0.1,0.1,0.1,0.1,0.1,0.1,0.5,0.0,0.0,0.0,0.0,0.0,0.0,0.0,0.0,0.0,0.0,0.0,0.0,0.0,0.0,0.0,0.0
1681.94,-0.003154227686574393,0.6,18300.0,37.0,0.2661499999999513,31.5,29.8125,36.81,0.0,0.0,0.0,0.0,0.0,20.0,0.75,0.1,0.1,0.1,0.1,0.1,0.1,0.1,0.5,0.0,0.0,0.0,0.0,0.0,0.0,0.0,0.0,0.0,0.0,0.0,0.0,0.0,0.0,0.0,0.0
1741.99,-0.004024970263902755,0.6,18300.0,37.0,0.29854999999995113,31.375,29.9375,36.950000000000045,0.0,0.0,0.0,0.0,0.0,20.0,0.75,0.1,0.1,0.1,0.1,0.1,0.1,0.1,0.5,0.0,0.0,0.0,0.0,0.0,0.0,0.0,0.0,0.0,0.0,0.0,0.0,0.0,0.0,0.0,0.0
1802.05,-0.0065302347258381875,0.6,18300.0,37.0,0.26174999999995363,31.4375,30.0,36.950000000000045,0.0,0.0,0.0,0.0,0.0,20.0,0.75,0.1,0.1,0.1,0.1,0.1,0.1,0.1,0.5,0.0,0.0,0.0,0.0,0.0,0.0,0.0,0.0,0.0,0.0,0.0,0.0,0.0,0.0,0.0,0.0
1862.13,-0.008782969784548197,0.6,18300.0,37.0,0.25554999999995753,31.6875,30.3125,36.93000000000001,0.0,0.0,0.0,0.0,0.0,20.0,0.75,0.1,0.1,0.1,0.1,0.1,0.1,0.1,0.5,0.0,0.0,0.0,0.0,0.0,0.0,0.0,0.0,0.0,0.0,0.0,0.0,0.0,0.0,0.0,0.0
1922.18,-0.009656442423358938,0.6,18300.0,37.0,0.23874999999995605,31.5625,30.0625,36.85000000000002,0.0,0.0,0.0,0.0,0.0,20.0,0.75,0.1,0.1,0.1,0.1,0.1,0.1,0.1,0.5,0.0,0.0,0.0,0.0,0.0,0.0,0.0,0.0,0.0,0.0,0.0,0.0,0.0,0.0,0.0,0.0
1982.22,-0.007657783278785879,0.6,18300.0,37.0,0.29464999999994784,31.5625,30.1875,36.93000000000001,0.0,0.0,0.0,0.0,0.0,20.0,0.75,0.1,0.1,0.1,0.1,0.1,0.1,0.1,0.5,0.0,0.0,0.0,0.0,0.0,0.0,0.0,0.0,0.0,0.0,0.0,0.0,0.0,0.0,0.0,0.0
2042.27,-0.0009129936849365792,0.6,18300.0,37.0,0.32324999999995285,31.625,30.1875,36.93000000000001,0.0,0.0,0.0,0.0,0.0,20.0,0.75,0.1,0.1,0.1,0.1,0.1,0.1,0.1,0.5,0.0,0.0,0.0,0.0,0.0,0.0,0.0,0.0,0.0,0.0,0.0,0.0,0.0,0.0,0.0,0.0
2102.31,-0.0024692741420601163,0.6,18300.0,37.0,0.28734999999995536,31.375,30.125,36.870000000000005,0.0,0.0,0.0,0.0,0.0,20.0,0.75,0.1,0.1,0.1,0.1,0.1,0.1,0.1,0.5,0.0,0.0,0.0,0.0,0.0,0.0,0.0,0.0,0.0,0.0,0.0,0.0,0.0,0.0,0.0,0.0
2162.37,-0.0017456484087637642,0.6,18300.0,37.0,0.2364499999999431,31.5,29.9375,37.170000000000016,0.0,0.0,0.0,0.0,0.0,20.0,0.75,0.1,0.1,0.1,0.1,0.1,0.1,0.1,0.5,0.0,0.0,0.0,0.0,0.0,0.0,0.0,0.0,0.0,0.0,0.0,0.0,0.0,0.0,0.0,0.0
2222.45,-0.005748169625774179,0.6,18300.0,37.0,0.24314999999994696,31.6875,29.9375,36.93000000000001,0.0,0.0,0.0,0.0,0.0,20.0,0.75,0.1,0.1,0.1,0.1,0.1,0.1,0.1,0.5,0.0,0.0,0.0,0.0,0.0,0.0,0.0,0.0,0.0,0.0,0.0,0.0,0.0,0.0,0.0,0.0
2282.5,-0.003867961588582534,0.6,18300.0,37.0,0.27994999999994274,31.25,30.125,36.950000000000045,0.0,0.0,0.0,0.0,0.0,20.0,0.75,0.1,0.1,0.1,0.1,0.1,0.1,0.1,0.5,0.0,0.0,0.0,0.0,0.0,0.0,0.0,0.0,0.0,0.0,0.0,0.0,0.0,0.0,0.0,0.0
2342.58,-0.0037401639376191263,0.6,18300.0,37.0,0.23284999999993955,31.0625,30.0625,36.950000000000045,0.0,0.0,0.0,0.0,0.0,20.0,0.75,0.1,0.1,0.1,0.1,0.1,0.1,0.1,0.5,0.0,0.0,0.0,0.0,0.0,0.0,0.0,0.0,0.0,0.0,0.0,0.0,0.0,0.0,0.0,0.0
2402.66,-0.0035507120687221813,0.6,18300.0,37.0,0.27194999999994496,31.4375,30.0625,36.97000000000003,0.0,0.0,0.0,0.0,0.0,20.0,0.75,0.1,0.1,0.1,0.1,0.1,0.1,0.1,0.5,0.0,0.0,0.0,0.0,0.0,0.0,0.0,0.0,0.0,0.0,0.0,0.0,0.0,0.0,0.0,0.0
2462.73,0.0004940056666012929,0.6,18300.0,37.0,0.2760499999999395,31.375,30.125,36.93000000000001,0.0,0.0,0.0,0.0,0.0,20.0,0.75,0.1,0.1,0.1,0.1,0.1,0.1,0.1,0.5,0.0,0.0,0.0,0.0,0.0,0.0,0.0,0.0,0.0,0.0,0.0,0.0,0.0,0.0,0.0,0.0
2522.81,-0.0028782032623421304,0.6,18300.0,37.0,0.28374999999994843,31.625,30.125,36.93000000000001,0.0,0.0,0.0,0.0,0.0,20.0,0.75,0.1,0.1,0.1,0.1,0.1,0.1,0.1,0.5,0.0,0.0,0.0,0.0,0.0,0.0,0.0,0.0,0.0,0.0,0.0,0.0,0.0,0.0,0.0,0.0
2582.89,0.009367060123152929,0.6,18300.0,37.0,0.30054999999994825,31.5,30.125,36.93000000000001,0.0,0.0,0.0,0.0,0.0,20.0,0.75,0.1,0.1,0.1,0.1,0.1,0.1,0.1,0.5,0.0,0.0,0.0,0.0,0.0,0.0,0.0,0.0,0.0,0.0,0.0,0.0,0.0,0.0,0.0,0.0
2642.93,0.00568811250265327,0.6,18300.0,37.0,0.24254999999994076,31.375,30.0625,36.93000000000001,0.0,0.0,0.0,0.0,0.0,20.0,0.75,0.1,0.1,0.1,0.1,0.1,0.1,0.1,0.5,0.0,0.0,0.0,0.0,0.0,0.0,0.0,0.0,0.0,0.0,0.0,0.0,0.0,0.0,0.0,0.0
2702.96,0.0033012144667450786,0.6,18300.0,37.0,0.2342499999999449,31.3125,29.9375,36.89000000000004,0.0,0.0,0.0,0.0,0.0,20.0,0.75,0.1,0.1,0.1,0.1,0.1,0.1,0.1,0.5,0.0,0.0,0.0,0.0,0.0,0.0,0.0,0.0,0.0,0.0,0.0,0.0,0.0,0.0,0.0,0.0
2763.02,0.0027896249270691416,0.6,18300.0,37.0,0.27574999999993555,31.125,29.875,36.950000000000045,0.0,0.0,0.0,0.0,0.0,20.0,0.75,0.1,0.1,0.1,0.1,0.1,0.1,0.1,0.5,0.0,0.0,0.0,0.0,0.0,0.0,0.0,0.0,0.0,0.0,0.0,0.0,0.0,0.0,0.0,0.0
2823.06,0.0019426083784230288,0.6,18300.0,37.0,0.27964999999993456,31.4375,30.0625,36.93000000000001,0.0,0.0,0.0,0.0,0.0,20.0,0.75,0.1,0.1,0.1,0.1,0.1,0.1,0.1,0.5,0.0,0.0,0.0,0.0,0.0,0.0,0.0,0.0,0.0,0.0,0.0,0.0,0.0,0.0,0.0,0.0
2883.11,-0.0036080077526589828,0.6,18300.0,37.0,0.23274999999994195,31.4375,30.0625,36.870000000000005,0.0,0.0,0.0,0.0,0.0,20.0,0.75,0.1,0.1,0.1,0.1,0.1,0.1,0.1,0.5,0.0,0.0,0.0,0.0,0.0,0.0,0.0,0.0,0.0,0.0,0.0,0.0,0.0,0.0,0.0,0.0
2943.15,-0.004717796053148031,0.6,18300.0,37.0,0.27864999999994283,31.5,30.0625,36.89000000000004,0.0,0.0,0.0,0.0,0.0,20.0,0.75,0.1,0.1,0.1,0.1,0.1,0.1,0.1,0.5,0.0,0.0,0.0,0.0,0.0,0.0,0.0,0.0,0.0,0.0,0.0,0.0,0.0,0.0,0.0,0.0
3003.22,-0.005965252464952834,0.6,18300.0,37.0,0.27604999999993185,31.5625,30.0625,36.77000000000004,0.0,0.0,0.0,0.0,0.0,20.0,0.75,0.1,0.1,0.1,0.1,0.1,0.1,0.1,0.5,0.0,0.0,0.0,0.0,0.0,0.0,0.0,0.0,0.0,0.0,0.0,0.0,0.0,0.0,0.0,0.0
3063.3,-0.004992663553666744,0.6,18300.0,37.0,0.23634999999993955,31.375,30.1875,36.93000000000001,0.0,0.0,0.0,0.0,0.0,20.0,0.75,0.1,0.1,0.1,0.1,0.1,0.1,0.1,0.5,0.0,0.0,0.0,0.0,0.0,0.0,0.0,0.0,0.0,0.0,0.0,0.0,0.0,0.0,0.0,0.0
3123.37,0.005747663981067907,0.6,18300.0,37.0,0.24104999999993443,31.4375,30.25,37.09000000000003,0.0,0.0,0.0,0.0,0.0,20.0,0.75,0.1,0.1,0.1,0.1,0.1,0.1,0.1,0.5,0.0,0.0,0.0,0.0,0.0,0.0,0.0,0.0,0.0,0.0,0.0,0.0,0.0,0.0,0.0,0.0
3183.44,0.014525151376929364,0.6,18300.0,37.0,0.22014999999993756,31.3125,30.1875,36.950000000000045,0.0,0.0,0.0,0.0,0.0,20.0,0.75,0.1,0.1,0.1,0.1,0.1,0.1,0.1,0.5,0.0,0.0,0.0,0.0,0.0,0.0,0.0,0.0,0.0,0.0,0.0,0.0,0.0,0.0,0.0,0.0
3243.51,0.007058313778781262,0.6,18300.0,37.0,0.2539499999999335,31.6875,30.125,37.05000000000001,0.0,0.0,0.0,0.0,0.0,20.0,0.75,0.1,0.1,0.1,0.1,0.1,0.1,0.1,0.5,0.0,0.0,0.0,0.0,0.0,0.0,0.0,0.0,0.0,0.0,0.0,0.0,0.0,0.0,0.0,0.0
3303.59,0.01430887203182952,0.6,18300.0,37.0,0.25454999999993294,31.3125,30.125,36.85000000000002,0.0,0.0,0.0,0.0,0.0,20.0,0.75,0.1,0.1,0.1,0.1,0.1,0.1,0.1,0.5,0.0,0.0,0.0,0.0,0.0,0.0,0.0,0.0,0.0,0.0,0.0,0.0,0.0,0.0,0.0,0.0
3363.67,0.0013637505699557388,0.6,18300.0,37.0,0.2987499999999388,31.25,30.4375,37.05000000000001,0.0,0.0,0.0,0.0,0.0,20.0,0.75,0.1,0.1,0.1,0.1,0.1,0.1,0.1,0.5,0.0,0.0,0.0,0.0,0.0,0.0,0.0,0.0,0.0,0.0,0.0,0.0,0.0,0.0,0.0,0.0
3423.72,0.010405817381381213,0.6,18300.0,37.0,0.2407499999999313,31.125,30.125,36.870000000000005,0.0,0.0,0.0,0.0,0.0,20.0,0.75,0.1,0.1,0.1,0.1,0.1,0.1,0.1,0.5,0.0,0.0,0.0,0.0,0.0,0.0,0.0,0.0,0.0,0.0,0.0,0.0,0.0,0.0,0.0,0.0
3483.77,0.007383302677478486,0.6,18300.0,37.0,0.23454999999993525,31.1875,29.875,36.79000000000002,0.0,0.0,0.0,0.0,0.0,20.0,0.75,0.1,0.1,0.1,0.1,0.1,0.1,0.1,0.5,0.0,0.0,0.0,0.0,0.0,0.0,0.0,0.0,0.0,0.0,0.0,0.0,0.0,0.0,0.0,0.0
3543.81,0.017352266546807226,0.6,18300.0,37.0,0.288649999999927,31.1875,29.875,36.950000000000045,0.0,0.0,0.0,0.0,0.0,20.0,0.75,0.1,0.1,0.1,0.1,0.1,0.1,0.1,0.5,0.0,0.0,0.0,0.0,0.0,0.0,0.0,0.0,0.0,0.0,0.0,0.0,0.0,0.0,0.0,0.0
3603.89,0.008648655586417645,0.6,18300.0,37.0,0.26044999999992513,31.375,30.0,36.93000000000001,0.0,0.0,0.0,0.0,0.0,20.0,0.75,0.1,0.1,0.1,0.1,0.1,0.1,0.1,0.5,0.0,0.0,0.0,0.0,0.0,0.0,0.0,0.0,0.0,0.0,0.0,0.0,0.0,0.0,0.0,0.0
3663.96,0.007602866419682023,0.6,18300.0,37.0,0.24924999999993358,31.5,30.0,36.85000000000002,0.0,0.0,0.0,0.0,0.0,20.0,0.75,0.1,0.1,0.1,0.1,0.1,0.1,0.1,0.5,0.0,0.0,0.0,0.0,0.0,0.0,0.0,0.0,0.0,0.0,0.0,0.0,0.0,0.0,0.0,0.0
3724.01,0.0067681870960300166,0.6,18300.0,37.0,0.1912499999999261,31.625,30.1875,36.89000000000004,0.0,0.0,0.0,0.0,0.0,20.0,0.75,0.1,0.1,0.1,0.1,0.1,0.1,0.1,0.5,0.0,0.0,0.0,0.0,0.0,0.0,0.0,0.0,0.0,0.0,0.0,0.0,0.0,0.0,0.0,0.0
3784.05,0.012562186248031328,0.6,18300.0,37.0,0.299249999999929,31.75,30.125,36.79000000000002,0.0,0.0,0.0,0.0,0.0,20.0,0.75,0.1,0.1,0.1,0.1,0.1,0.1,0.1,0.5,0.0,0.0,0.0,0.0,0.0,0.0,0.0,0.0,0.0,0.0,0.0,0.0,0.0,0.0,0.0,0.0
3844.11,0.009691293051880774,0.6,18300.0,37.0,0.28134999999993276,31.0625,30.125,37.110000000000014,0.0,0.0,0.0,0.0,0.0,20.0,0.75,0.1,0.1,0.1,0.1,0.1,0.1,0.1,0.5,0.0,0.0,0.0,0.0,0.0,0.0,0.0,0.0,0.0,0.0,0.0,0.0,0.0,0.0,0.0,0.0
3904.22,0.00872249997014865,0.6,18300.0,37.0,0.2528499999999311,31.8125,30.125,37.01000000000005,0.0,0.0,0.0,0.0,0.0,20.0,0.75,0.1,0.1,0.1,0.1,0.1,0.1,0.1,0.5,0.0,0.0,0.0,0.0,0.0,0.0,0.0,0.0,0.0,0.0,0.0,0.0,0.0,0.0,0.0,0.0
3964.29,0.0013776403192864112,0.6,18300.0,37.0,0.25724999999992537,31.75,30.1875,36.93000000000001,0.0,0.0,0.0,0.0,0.0,20.0,0.75,0.1,0.1,0.1,0.1,0.1,0.1,0.1,0.5,0.0,0.0,0.0,0.0,0.0,0.0,0.0,0.0,0.0,0.0,0.0,0.0,0.0,0.0,0.0,0.0
4024.37,0.00521907883545834,0.6,18300.0,37.0,0.26254999999991974,31.625,30.0625,36.93000000000001,0.0,0.0,0.0,0.0,0.0,20.0,0.75,0.1,0.1,0.1,0.1,0.1,0.1,0.1,0.5,0.0,0.0,0.0,0.0,0.0,0.0,0.0,0.0,0.0,0.0,0.0,0.0,0.0,0.0,0.0,0.0
4084.44,0.005155378911583887,0.6,18300.0,37.0,0.2889499999999199,31.3125,30.125,37.09000000000003,0.0,0.0,0.0,0.0,0.0,20.0,0.75,0.1,0.1,0.1,0.1,0.1,0.1,0.1,0.5,0.0,0.0,0.0,0.0,0.0,0.0,0.0,0.0,0.0,0.0,0.0,0.0,0.0,0.0,0.0,0.0
4144.48,0.006842605140367042,0.6,18300.0,37.0,0.25684999999991726,31.1875,30.125,36.85000000000002,0.0,0.0,0.0,0.0,0.0,20.0,0.75,0.1,0.1,0.1,0.1,0.1,0.1,0.1,0.5,0.0,0.0,0.0,0.0,0.0,0.0,0.0,0.0,0.0,0.0,0.0,0.0,0.0,0.0,0.0,0.0
4204.56,0.008361831568676101,0.6,18300.0,37.0,0.2907499999999174,31.6875,30.3125,36.870000000000005,0.0,0.0,0.0,0.0,0.0,20.0,0.75,0.1,0.1,0.1,0.1,0.1,0.1,0.1,0.5,0.0,0.0,0.0,0.0,0.0,0.0,0.0,0.0,0.0,0.0,0.0,0.0,0.0,0.0,0.0,0.0
4264.64,0.012764143196719079,0.6,18300.0,37.0,0.2922499999999161,31.4375,30.125,36.93000000000001,0.0,0.0,0.0,0.0,0.0,20.0,0.75,0.1,0.1,0.1,0.1,0.1,0.1,0.1,0.5,0.0,0.0,0.0,0.0,0.0,0.0,0.0,0.0,0.0,0.0,0.0,0.0,0.0,0.0,0.0,0.0
4324.71,0.010024229903968968,0.6,18300.0,37.0,0.2731499999999193,31.3125,30.3125,37.03000000000003,0.0,0.0,0.0,0.0,0.0,20.0,0.75,0.1,0.1,0.1,0.1,0.1,0.1,0.1,0.5,0.0,0.0,0.0,0.0,0.0,0.0,0.0,0.0,0.0,0.0,0.0,0.0,0.0,0.0,0.0,0.0
4384.75,0.009789929653765362,0.6,18300.0,37.0,0.3046499999999199,31.0625,30.375,36.85000000000002,0.0,0.0,0.0,0.0,0.0,20.0,0.75,0.1,0.1,0.1,0.1,0.1,0.1,0.1,0.5,0.0,0.0,0.0,0.0,0.0,0.0,0.0,0.0,0.0,0.0,0.0,0.0,0.0,0.0,0.0,0.0
4444.82,0.014147139258580214,0.6,18300.0,37.0,0.2628499999999127,31.375,30.3125,37.110000000000014,0.0,0.0,0.0,0.0,0.0,20.0,0.75,0.1,0.1,0.1,0.1,0.1,0.1,0.1,0.5,0.0,0.0,0.0,0.0,0.0,0.0,0.0,0.0,0.0,0.0,0.0,0.0,0.0,0.0,0.0,0.0
4504.88,0.005589632781956828,0.6,18300.0,37.0,0.2578499999999164,31.5,30.1875,36.97000000000003,0.0,0.0,0.0,0.0,0.0,20.0,0.75,0.1,0.1,0.1,0.1,0.1,0.1,0.1,0.5,0.0,0.0,0.0,0.0,0.0,0.0,0.0,0.0,0.0,0.0,0.0,0.0,0.0,0.0,0.0,0.0
4564.93,0.00018679546684042533,0.6,18300.0,37.0,0.2407499999999152,31.4375,30.25,37.03000000000003,0.0,0.0,0.0,0.0,0.0,20.0,0.75,0.1,0.1,0.1,0.1,0.1,0.1,0.1,0.5,0.0,0.0,0.0,0.0,0.0,0.0,0.0,0.0,0.0,0.0,0.0,0.0,0.0,0.0,0.0,0.0
4624.97,0.0035354989496788024,0.6,18300.0,37.0,0.2516499999999195,31.3125,30.25,37.03000000000003,0.0,0.0,0.0,0.0,0.0,20.0,0.75,0.1,0.1,0.1,0.1,0.1,0.1,0.1,0.5,0.0,0.0,0.0,0.0,0.0,0.0,0.0,0.0,0.0,0.0,0.0,0.0,0.0,0.0,0.0,0.0
4685.01,0.008142753488351482,0.6,18300.0,37.0,0.2716499999999147,31.25,30.0625,36.73000000000002,0.0,0.0,0.0,0.0,0.0,20.0,0.75,0.1,0.1,0.1,0.1,0.1,0.1,0.1,0.5,0.0,0.0,0.0,0.0,0.0,0.0,0.0,0.0,0.0,0.0,0.0,0.0,0.0,0.0,0.0,0.0
4745.06,0.007043971708088581,0.6,18300.0,37.0,0.2978499999999201,31.5625,30.25,36.89000000000004,0.0,0.0,0.0,0.0,0.0,20.0,0.75,0.1,0.1,0.1,0.1,0.1,0.1,0.1,0.5,0.0,0.0,0.0,0.0,0.0,0.0,0.0,0.0,0.0,0.0,0.0,0.0,0.0,0.0,0.0,0.0
4805.1,0.013259895376973953,0.6,18300.0,37.0,0.30554999999991483,31.6875,30.125,37.170000000000016,0.0,0.0,0.0,0.0,0.0,20.0,0.75,0.1,0.1,0.1,0.1,0.1,0.1,0.1,0.5,0.0,0.0,0.0,0.0,0.0,0.0,0.0,0.0,0.0,0.0,0.0,0.0,0.0,0.0,0.0,0.0
4865.17,0.0143696874947696,0.6,18300.0,37.0,0.24374999999991165,31.5625,29.9375,37.03000000000003,0.0,0.0,0.0,0.0,0.0,20.0,0.75,0.1,0.1,0.1,0.1,0.1,0.1,0.1,0.5,0.0,0.0,0.0,0.0,0.0,0.0,0.0,0.0,0.0,0.0,0.0,0.0,0.0,0.0,0.0,0.0
4925.24,0.017929920784376947,0.6,18300.0,37.0,0.275449999999907,31.1875,30.125,36.97000000000003,0.0,0.0,0.0,0.0,0.0,20.0,0.75,0.1,0.1,0.1,0.1,0.1,0.1,0.1,0.5,0.0,0.0,0.0,0.0,0.0,0.0,0.0,0.0,0.0,0.0,0.0,0.0,0.0,0.0,0.0,0.0
4985.32,0.008302915478255124,0.6,18300.0,37.0,0.25894999999990526,31.6875,30.3125,36.870000000000005,0.0,0.0,0.0,0.0,0.0,20.0,0.75,0.1,0.1,0.1,0.1,0.1,0.1,0.1,0.5,0.0,0.0,0.0,0.0,0.0,0.0,0.0,0.0,0.0,0.0,0.0,0.0,0.0,0.0,0.0,0.0
5045.39,0.013366498071437393,0.6,18300.0,37.0,0.20914999999990197,31.0625,30.375,37.01000000000005,0.0,0.0,0.0,0.0,0.0,20.0,0.75,0.1,0.1,0.1,0.1,0.1,0.1,0.1,0.5,0.0,0.0,0.0,0.0,0.0,0.0,0.0,0.0,0.0,0.0,0.0,0.0,0.0,0.0,0.0,0.0
5105.45,0.01611074302898236,0.6,18300.0,37.0,0.2927499999999138,31.4375,30.375,36.73000000000002,0.0,0.0,0.0,0.0,0.0,20.0,0.75,0.1,0.1,0.1,0.1,0.1,0.1,0.1,0.5,0.0,0.0,0.0,0.0,0.0,0.0,0.0,0.0,0.0,0.0,0.0,0.0,0.0,0.0,0.0,0.0
5165.53,0.015214240791799307,0.6,18300.0,37.0,0.28894999999990306,31.3125,30.1875,36.950000000000045,0.0,0.0,0.0,0.0,0.0,20.0,0.75,0.1,0.1,0.1,0.1,0.1,0.1,0.1,0.5,0.0,0.0,0.0,0.0,0.0,0.0,0.0,0.0,0.0,0.0,0.0,0.0,0.0,0.0,0.0,0.0
5225.57,0.008326510865354603,0.6,18300.0,37.0,0.2518499999999058,31.1875,30.25,36.950000000000045,0.0,0.0,0.0,0.0,0.0,20.0,0.75,0.1,0.1,0.1,0.1,0.1,0.1,0.1,0.5,0.0,0.0,0.0,0.0,0.0,0.0,0.0,0.0,0.0,0.0,0.0,0.0,0.0,0.0,0.0,0.0
5285.64,0.014774540455006372,0.6,18300.0,37.0,0.27984999999991134,30.9375,30.3125,36.870000000000005,0.0,0.0,0.0,0.0,0.0,20.0,0.75,0.1,0.1,0.1,0.1,0.1,0.1,0.1,0.5,0.0,0.0,0.0,0.0,0.0,0.0,0.0,0.0,0.0,0.0,0.0,0.0,0.0,0.0,0.0,0.0
5345.72,0.017180669078092566,0.6,18300.0,37.0,0.2713499999999057,31.375,30.3125,37.03000000000003,0.0,0.0,0.0,0.0,0.0,20.0,0.75,0.1,0.1,0.1,0.1,0.1,0.1,0.1,0.5,0.0,0.0,0.0,0.0,0.0,0.0,0.0,0.0,0.0,0.0,0.0,0.0,0.0,0.0,0.0,0.0
5405.77,0.018974754588580008,0.6,18300.0,37.0,0.28224999999991,31.1875,30.3125,37.03000000000003,0.0,0.0,0.0,0.0,0.0,20.0,0.75,0.1,0.1,0.1,0.1,0.1,0.1,0.1,0.5,0.0,0.0,0.0,0.0,0.0,0.0,0.0,0.0,0.0,0.0,0.0,0.0,0.0,0.0,0.0,0.0
5465.81,0.018896892933455423,0.6,18300.0,37.0,0.2071499999999013,31.5,30.1875,36.97000000000003,0.0,0.0,0.0,0.0,0.0,20.0,0.75,0.1,0.1,0.1,0.1,0.1,0.1,0.1,0.5,0.0,0.0,0.0,0.0,0.0,0.0,0.0,0.0,0.0,0.0,0.0,0.0,0.0,0.0,0.0,0.0
5525.85,0.013945739124741544,0.6,18300.0,37.0,0.25504999999989697,31.4375,30.25,37.01000000000005,0.0,0.0,0.0,0.0,0.0,20.0,0.75,0.1,0.1,0.1,0.1,0.1,0.1,0.1,0.5,0.0,0.0,0.0,0.0,0.0,0.0,0.0,0.0,0.0,0.0,0.0,0.0,0.0,0.0,0.0,0.0
5585.92,0.021112329349683753,0.6,18300.0,37.0,0.3077499999999076,31.3125,30.1875,36.950000000000045,0.0,0.0,0.0,0.0,0.0,20.0,0.75,0.1,0.1,0.1,0.1,0.1,0.1,0.1,0.5,0.0,0.0,0.0,0.0,0.0,0.0,0.0,0.0,0.0,0.0,0.0,0.0,0.0,0.0,0.0,0.0
5645.98,0.013242864244588318,0.6,18300.0,37.0,0.26804999999990026,31.1875,30.25,36.89000000000004,0.0,0.0,0.0,0.0,0.0,20.0,0.75,0.1,0.1,0.1,0.1,0.1,0.1,0.1,0.5,0.0,0.0,0.0,0.0,0.0,0.0,0.0,0.0,0.0,0.0,0.0,0.0,0.0,0.0,0.0,0.0
5706.03,0.014490638050125057,0.6,18300.0,37.0,0.3181499999999016,31.375,30.25,36.89000000000004,0.0,0.0,0.0,0.0,0.0,20.0,0.75,0.1,0.1,0.1,0.1,0.1,0.1,0.1,0.5,0.0,0.0,0.0,0.0,0.0,0.0,0.0,0.0,0.0,0.0,0.0,0.0,0.0,0.0,0.0,0.0
5766.09,0.015972089808514563,0.6,18300.0,37.0,0.27874999999989397,31.4375,30.0625,37.13000000000005,0.0,0.0,0.0,0.0,0.0,20.0,0.75,0.1,0.1,0.1,0.1,0.1,0.1,0.1,0.5,0.0,0.0,0.0,0.0,0.0,0.0,0.0,0.0,0.0,0.0,0.0,0.0,0.0,0.0,0.0,0.0
5826.17,0.020285270887099218,0.6,18300.0,37.0,0.23014999999989127,31.125,30.1875,37.05000000000001,0.0,0.0,0.0,0.0,0.0,20.0,0.75,0.1,0.1,0.1,0.1,0.1,0.1,0.1,0.5,0.0,0.0,0.0,0.0,0.0,0.0,0.0,0.0,0.0,0.0,0.0,0.0,0.0,0.0,0.0,0.0
5886.25,0.017053418799359545,0.6,18300.0,37.0,0.23334999999990003,31.5,30.25,37.05000000000001,0.0,0.0,0.0,0.0,0.0,20.0,0.75,0.1,0.1,0.1,0.1,0.1,0.1,0.1,0.5,0.0,0.0,0.0,0.0,0.0,0.0,0.0,0.0,0.0,0.0,0.0,0.0,0.0,0.0,0.0,0.0
5946.33,0.011628439406697041,0.6,18300.0,37.0,0.27804999999990115,31.3125,30.1875,37.01000000000005,0.0,0.0,0.0,0.0,0.0,20.0,0.75,0.1,0.1,0.1,0.1,0.1,0.1,0.1,0.5,0.0,0.0,0.0,0.0,0.0,0.0,0.0,0.0,0.0,0.0,0.0,0.0,0.0,0.0,0.0,0.0
6006.4,0.023678795658774544,0.6,18300.0,37.0,0.26834999999989495,31.1875,30.3125,36.81,0.0,0.0,0.0,0.0,0.0,20.0,0.75,0.1,0.1,0.1,0.1,0.1,0.1,0.1,0.5,0.0,0.0,0.0,0.0,0.0,0.0,0.0,0.0,0.0,0.0,0.0,0.0,0.0,0.0,0.0,0.0
6066.45,0.02256378818032074,0.6,18300.0,37.0,0.2580499999998884,31.375,30.125,36.73000000000002,0.0,0.0,0.0,0.0,0.0,20.0,0.75,0.1,0.1,0.1,0.1,0.1,0.1,0.1,0.5,0.0,0.0,0.0,0.0,0.0,0.0,0.0,0.0,0.0,0.0,0.0,0.0,0.0,0.0,0.0,0.0
6126.5,0.014810186247502646,0.6,18300.0,37.0,0.23454999999989645,31.5,30.125,37.05000000000001,0.0,0.0,0.0,0.0,0.0,20.0,0.75,0.1,0.1,0.1,0.1,0.1,0.1,0.1,0.5,0.0,0.0,0.0,0.0,0.0,0.0,0.0,0.0,0.0,0.0,0.0,0.0,0.0,0.0,0.0,0.0
6186.54,0.022099512998636342,0.6,18300.0,37.0,0.26984999999989195,31.4375,30.25,36.93000000000001,0.0,0.0,0.0,0.0,0.0,20.0,0.75,0.1,0.1,0.1,0.1,0.1,0.1,0.1,0.5,0.0,0.0,0.0,0.0,0.0,0.0,0.0,0.0,0.0,0.0,0.0,0.0,0.0,0.0,0.0,0.0
6246.59,0.019157208396290145,0.6,18300.0,37.0,0.27364999999988593,31.4375,30.25,36.870000000000005,0.0,0.0,0.0,0.0,0.0,20.0,0.75,0.1,0.1,0.1,0.1,0.1,0.1,0.1,0.5,0.0,0.0,0.0,0.0,0.0,0.0,0.0,0.0,0.0,0.0,0.0,0.0,0.0,0.0,0.0,0.0
6306.66,0.018699896589744212,0.6,18300.0,37.0,0.2498499999998942,31.5625,30.375,36.89000000000004,0.0,0.0,0.0,0.0,0.0,20.0,0.75,0.1,0.1,0.1,0.1,0.1,0.1,0.1,0.5,0.0,0.0,0.0,0.0,0.0,0.0,0.0,0.0,0.0,0.0,0.0,0.0,0.0,0.0,0.0,0.0
6366.73,0.024346359338767457,0.6,18300.0,37.0,0.2825499999998946,31.5,30.375,36.97000000000003,0.0,0.0,0.0,0.0,0.0,20.0,0.75,0.1,0.1,0.1,0.1,0.1,0.1,0.1,0.5,0.0,0.0,0.0,0.0,0.0,0.0,0.0,0.0,0.0,0.0,0.0,0.0,0.0,0.0,0.0,0.0
6426.78,0.015308391313645305,0.6,18300.0,37.0,0.2404499999998877,31.25,30.3125,37.110000000000014,0.0,0.0,0.0,0.0,0.0,20.0,0.75,0.1,0.1,0.1,0.1,0.1,0.1,0.1,0.5,0.0,0.0,0.0,0.0,0.0,0.0,0.0,0.0,0.0,0.0,0.0,0.0,0.0,0.0,0.0,0.0
6486.82,0.020336263419993707,0.6,18300.0,37.0,0.27074999999988775,31.3125,30.375,37.110000000000014,0.0,0.0,0.0,0.0,0.0,20.0,0.75,0.1,0.1,0.1,0.1,0.1,0.1,0.1,0.5,0.0,0.0,0.0,0.0,0.0,0.0,0.0,0.0,0.0,0.0,0.0,0.0,0.0,0.0,0.0,0.0
6546.87,0.017520238331733096,0.6,18300.0,37.0,0.21334999999987975,31.375,30.0625,37.13000000000005,0.0,0.0,0.0,0.0,0.0,20.0,0.75,0.1,0.1,0.1,0.1,0.1,0.1,0.1,0.5,0.0,0.0,0.0,0.0,0.0,0.0,0.0,0.0,0.0,0.0,0.0,0.0,0.0,0.0,0.0,0.0
6606.93,0.021116839680927008,0.6,18300.0,37.0,0.27334999999988113,31.0,30.0625,36.97000000000003,0.0,0.0,0.0,0.0,0.0,20.0,0.75,0.1,0.1,0.1,0.1,0.1,0.1,0.1,0.5,0.0,0.0,0.0,0.0,0.0,0.0,0.0,0.0,0.0,0.0,0.0,0.0,0.0,0.0,0.0,0.0
6667.0,0.01865961881319214,0.6,18300.0,37.0,0.27454999999988006,31.4375,30.125,37.01000000000005,0.0,0.0,0.0,0.0,0.0,20.0,0.75,0.1,0.1,0.1,0.1,0.1,0.1,0.1,0.5,0.0,0.0,0.0,0.0,0.0,0.0,0.0,0.0,0.0,0.0,0.0,0.0,0.0,0.0,0.0,0.0
6727.06,0.014943087344043926,0.6,18300.0,37.0,0.22804999999987718,31.25,30.125,36.97000000000003,0.0,0.0,0.0,0.0,0.0,20.0,0.75,0.1,0.1,0.1,0.1,0.1,0.1,0.1,0.5,0.0,0.0,0.0,0.0,0.0,0.0,0.0,0.0,0.0,0.0,0.0,0.0,0.0,0.0,0.0,0.0
6787.12,0.009649566951677888,0.6,18300.0,37.0,0.2750499999998879,31.625,30.1875,36.97000000000003,0.0,0.0,0.0,0.0,0.0,20.0,0.75,0.1,0.1,0.1,0.1,0.1,0.1,0.1,0.5,0.0,0.0,0.0,0.0,0.0,0.0,0.0,0.0,0.0,0.0,0.0,0.0,0.0,0.0,0.0,0.0
6847.19,0.01381012656692501,0.6,18300.0,37.0,0.31894999999987894,31.5625,30.25,36.93000000000001,0.0,0.0,0.0,0.0,0.0,20.0,0.75,0.1,0.1,0.1,0.1,0.1,0.1,0.1,0.5,0.0,0.0,0.0,0.0,0.0,0.0,0.0,0.0,0.0,0.0,0.0,0.0,0.0,0.0,0.0,0.0
6907.25,0.01913186301404287,0.6,18300.0,37.0,0.23924999999987956,31.3125,30.3125,36.93000000000001,0.0,0.0,0.0,0.0,0.0,20.0,0.75,0.1,0.1,0.1,0.1,0.1,0.1,0.1,0.5,0.0,0.0,0.0,0.0,0.0,0.0,0.0,0.0,0.0,0.0,0.0,0.0,0.0,0.0,0.0,0.0
6967.3,0.014054380816833302,0.6,18300.0,37.0,0.2671499999998801,31.5,30.3125,36.950000000000045,0.0,0.0,0.0,0.0,0.0,20.0,0.75,0.1,0.1,0.1,0.1,0.1,0.1,0.1,0.5,0.0,0.0,0.0,0.0,0.0,0.0,0.0,0.0,0.0,0.0,0.0,0.0,0.0,0.0,0.0,0.0
7027.34,0.019730754471380292,0.6,18300.0,37.0,0.29454999999988535,31.4375,30.1875,36.93000000000001,0.0,0.0,0.0,0.0,0.0,20.0,0.75,0.1,0.1,0.1,0.1,0.1,0.1,0.1,0.5,0.0,0.0,0.0,0.0,0.0,0.0,0.0,0.0,0.0,0.0,0.0,0.0,0.0,0.0,0.0,0.0
7087.43,0.017102431578277903,0.6,18300.0,37.0,0.22474999999987183,31.375,30.125,36.870000000000005,0.0,0.0,0.0,0.0,0.0,20.0,0.75,0.1,0.1,0.1,0.1,0.1,0.1,0.1,0.5,0.0,0.0,0.0,0.0,0.0,0.0,0.0,0.0,0.0,0.0,0.0,0.0,0.0,0.0,0.0,0.0
7147.49,0.016026848724024424,0.6,18300.0,37.0,0.3127499999998788,31.1875,30.125,36.93000000000001,0.0,0.0,0.0,0.0,0.0,20.0,0.75,0.1,0.1,0.1,0.1,0.1,0.1,0.1,0.5,0.0,0.0,0.0,0.0,0.0,0.0,0.0,0.0,0.0,0.0,0.0,0.0,0.0,0.0,0.0,0.0
7207.53,0.024977833351105868,0.6,18300.0,37.0,0.27044999999987634,31.25,30.0625,36.950000000000045,0.0,0.0,0.0,0.0,0.0,20.0,0.75,0.1,0.1,0.1,0.1,0.1,0.1,0.1,0.5,0.0,0.0,0.0,0.0,0.0,0.0,0.0,0.0,0.0,0.0,0.0,0.0,0.0,0.0,0.0,0.0
7267.58,0.0259219414737402,0.6,18300.0,37.0,0.28074999999988115,31.375,30.1875,36.870000000000005,0.0,0.0,0.0,0.0,0.0,20.0,0.75,0.1,0.1,0.1,0.1,0.1,0.1,0.1,0.5,0.0,0.0,0.0,0.0,0.0,0.0,0.0,0.0,0.0,0.0,0.0,0.0,0.0,0.0,0.0,0.0
7327.65,0.02293472620597323,0.6,18300.0,37.0,0.2796499999998705,31.125,30.25,36.950000000000045,0.0,0.0,0.0,0.0,0.0,20.0,0.75,0.1,0.1,0.1,0.1,0.1,0.1,0.1,0.5,0.0,0.0,0.0,0.0,0.0,0.0,0.0,0.0,0.0,0.0,0.0,0.0,0.0,0.0,0.0,0.0
7387.71,0.02196617347712759,0.6,18300.0,37.0,0.2375499999998778,31.4375,30.4375,37.03000000000003,0.0,0.0,0.0,0.0,0.0,20.0,0.75,0.1,0.1,0.1,0.1,0.1,0.1,0.1,0.5,0.0,0.0,0.0,0.0,0.0,0.0,0.0,0.0,0.0,0.0,0.0,0.0,0.0,0.0,0.0,0.0
7447.75,0.02688940070664008,0.6,18300.0,37.0,0.23274999999987706,31.5,30.375,37.01000000000005,0.0,0.0,0.0,0.0,0.0,20.0,0.75,0.1,0.1,0.1,0.1,0.1,0.1,0.1,0.5,0.0,0.0,0.0,0.0,0.0,0.0,0.0,0.0,0.0,0.0,0.0,0.0,0.0,0.0,0.0,0.0
7507.79,0.029315267946057665,0.6,18300.0,37.0,0.26564999999987304,31.125,30.375,37.05000000000001,0.0,0.0,0.0,0.0,0.0,20.0,0.75,0.1,0.1,0.1,0.1,0.1,0.1,0.1,0.5,0.0,0.0,0.0,0.0,0.0,0.0,0.0,0.0,0.0,0.0,0.0,0.0,0.0,0.0,0.0,0.0
7567.88,0.032895314571550836,0.6,18300.0,37.0,0.22564999999986596,31.1875,30.25,36.97000000000003,0.0,0.0,0.0,0.0,0.0,20.0,0.75,0.1,0.1,0.1,0.1,0.1,0.1,0.1,0.5,0.0,0.0,0.0,0.0,0.0,0.0,0.0,0.0,0.0,0.0,0.0,0.0,0.0,0.0,0.0,0.0
7627.92,0.02914453791255177,0.6,18300.0,37.0,0.2977499999998723,31.1875,30.25,36.93000000000001,0.0,0.0,0.0,0.0,0.0,20.0,0.75,0.1,0.1,0.1,0.1,0.1,0.1,0.1,0.5,0.0,0.0,0.0,0.0,0.0,0.0,0.0,0.0,0.0,0.0,0.0,0.0,0.0,0.0,0.0,0.0
7687.97,0.03175464564023668,0.6,18300.0,37.0,0.25564999999986454,31.375,30.1875,36.93000000000001,0.0,0.0,0.0,0.0,0.0,20.0,0.75,0.1,0.1,0.1,0.1,0.1,0.1,0.1,0.5,0.0,0.0,0.0,0.0,0.0,0.0,0.0,0.0,0.0,0.0,0.0,0.0,0.0,0.0,0.0,0.0
7748.01,0.026911211117711123,0.6,18300.0,37.0,0.2668499999998686,31.5,30.125,36.870000000000005,0.0,0.0,0.0,0.0,0.0,20.0,0.75,0.1,0.1,0.1,0.1,0.1,0.1,0.1,0.5,0.0,0.0,0.0,0.0,0.0,0.0,0.0,0.0,0.0,0.0,0.0,0.0,0.0,0.0,0.0,0.0
7808.09,0.03247849767174135,0.6,18300.0,37.0,0.24594999999987166,31.375,30.1875,36.93000000000001,0.0,0.0,0.0,0.0,0.0,20.0,0.75,0.1,0.1,0.1,0.1,0.1,0.1,0.1,0.5,0.0,0.0,0.0,0.0,0.0,0.0,0.0,0.0,0.0,0.0,0.0,0.0,0.0,0.0,0.0,0.0
7868.17,0.0330596505484076,0.6,18300.0,37.0,0.22384999999985994,31.0625,29.9375,36.950000000000045,0.0,0.0,0.0,0.0,0.0,20.0,0.75,0.1,0.1,0.1,0.1,0.1,0.1,0.1,0.5,0.0,0.0,0.0,0.0,0.0,0.0,0.0,0.0,0.0,0.0,0.0,0.0,0.0,0.0,0.0,0.0
7928.25,0.02985972805340208,0.6,18300.0,37.0,0.2712499999998603,31.375,30.1875,36.870000000000005,0.0,0.0,0.0,0.0,0.0,20.0,0.75,0.1,0.1,0.1,0.1,0.1,0.1,0.1,0.5,0.0,0.0,0.0,0.0,0.0,0.0,0.0,0.0,0.0,0.0,0.0,0.0,0.0,0.0,0.0,0.0
7988.29,0.026266236256650016,0.6,18300.0,37.0,0.27004999999985885,31.375,30.125,36.950000000000045,0.0,0.0,0.0,0.0,0.0,20.0,0.75,0.1,0.1,0.1,0.1,0.1,0.1,0.1,0.5,0.0,0.0,0.0,0.0,0.0,0.0,0.0,0.0,0.0,0.0,0.0,0.0,0.0,0.0,0.0,0.0
8048.32,0.030834189310244085,0.6,18300.0,37.0,0.2877499999998587,31.5625,30.0625,36.85000000000002,0.0,0.0,0.0,0.0,0.0,20.0,0.75,0.1,0.1,0.1,0.1,0.1,0.1,0.1,0.5,0.0,0.0,0.0,0.0,0.0,0.0,0.0,0.0,0.0,0.0,0.0,0.0,0.0,0.0,0.0,0.0
8108.36,0.0251472216763013,0.6,18300.0,37.0,0.28774999999985784,31.5625,30.0,37.03000000000003,0.0,0.0,0.0,0.0,0.0,20.0,0.75,0.1,0.1,0.1,0.1,0.1,0.1,0.1,0.5,0.0,0.0,0.0,0.0,0.0,0.0,0.0,0.0,0.0,0.0,0.0,0.0,0.0,0.0,0.0,0.0
8168.43,0.030940363351331976,0.6,18300.0,37.0,0.28804999999985675,31.1875,30.0625,37.01000000000005,0.0,0.0,0.0,0.0,0.0,20.0,0.75,0.1,0.1,0.1,0.1,0.1,0.1,0.1,0.5,0.0,0.0,0.0,0.0,0.0,0.0,0.0,0.0,0.0,0.0,0.0,0.0,0.0,0.0,0.0,0.0
8228.51,0.024621402457167763,0.6,18300.0,37.0,0.2730499999998553,31.5,30.0,36.870000000000005,0.0,0.0,0.0,0.0,0.0,20.0,0.75,0.1,0.1,0.1,0.1,0.1,0.1,0.1,0.5,0.0,0.0,0.0,0.0,0.0,0.0,0.0,0.0,0.0,0.0,0.0,0.0,0.0,0.0,0.0,0.0
8288.55,0.026347469505421967,0.6,18300.0,37.0,0.2577499999998533,31.75,30.125,36.97000000000003,0.0,0.0,0.0,0.0,0.0,20.0,0.75,0.1,0.1,0.1,0.1,0.1,0.1,0.1,0.5,0.0,0.0,0.0,0.0,0.0,0.0,0.0,0.0,0.0,0.0,0.0,0.0,0.0,0.0,0.0,0.0
8348.59,0.028569597529237212,0.6,18300.0,37.0,0.2574499999998519,31.625,30.125,37.09000000000003,0.0,0.0,0.0,0.0,0.0,20.0,0.75,0.1,0.1,0.1,0.1,0.1,0.1,0.1,0.5,0.0,0.0,0.0,0.0,0.0,0.0,0.0,0.0,0.0,0.0,0.0,0.0,0.0,0.0,0.0,0.0
8408.66,0.03681212541812732,0.6,18300.0,37.0,0.2730499999998511,31.5,30.25,37.01000000000005,0.0,0.0,0.0,0.0,0.0,20.0,0.75,0.1,0.1,0.1,0.1,0.1,0.1,0.1,0.5,0.0,0.0,0.0,0.0,0.0,0.0,0.0,0.0,0.0,0.0,0.0,0.0,0.0,0.0,0.0,0.0
8468.74,0.029491351878182203,0.6,18300.0,37.0,0.265949999999855,31.1875,30.25,36.85000000000002,0.0,0.0,0.0,0.0,0.0,20.0,0.75,0.1,0.1,0.1,0.1,0.1,0.1,0.1,0.5,0.0,0.0,0.0,0.0,0.0,0.0,0.0,0.0,0.0,0.0,0.0,0.0,0.0,0.0,0.0,0.0
8528.81,0.03166806779300116,0.6,18300.0,37.0,0.30594999999986044,31.5625,30.375,36.97000000000003,0.0,0.0,0.0,0.0,0.0,20.0,0.75,0.1,0.1,0.1,0.1,0.1,0.1,0.1,0.5,0.0,0.0,0.0,0.0,0.0,0.0,0.0,0.0,0.0,0.0,0.0,0.0,0.0,0.0,0.0,0.0
8588.89,0.02973789468399513,0.6,18300.0,37.0,0.2344499999998519,31.25,30.375,36.870000000000005,0.0,0.0,0.0,0.0,0.0,20.0,0.75,0.1,0.1,0.1,0.1,0.1,0.1,0.1,0.5,0.0,0.0,0.0,0.0,0.0,0.0,0.0,0.0,0.0,0.0,0.0,0.0,0.0,0.0,0.0,0.0
8648.92,0.030380793619705547,0.6,18300.0,37.0,0.2547499999998468,31.4375,30.375,36.950000000000045,0.0,0.0,0.0,0.0,0.0,20.0,0.75,0.1,0.1,0.1,0.1,0.1,0.1,0.1,0.5,0.0,0.0,0.0,0.0,0.0,0.0,0.0,0.0,0.0,0.0,0.0,0.0,0.0,0.0,0.0,0.0
8709.01,0.03428430341613159,0.6,18300.0,37.0,0.28444999999984655,31.375,30.4375,37.01000000000005,0.0,0.0,0.0,0.0,0.0,20.0,0.75,0.1,0.1,0.1,0.1,0.1,0.1,0.1,0.5,0.0,0.0,0.0,0.0,0.0,0.0,0.0,0.0,0.0,0.0,0.0,0.0,0.0,0.0,0.0,0.0
8769.08,0.031970163965756276,0.6,18300.0,37.0,0.26564999999984945,31.4375,30.25,36.85000000000002,0.0,0.0,0.0,0.0,0.0,20.0,0.75,0.1,0.1,0.1,0.1,0.1,0.1,0.1,0.5,0.0,0.0,0.0,0.0,0.0,0.0,0.0,0.0,0.0,0.0,0.0,0.0,0.0,0.0,0.0,0.0
8829.15,0.037017939419306735,0.6,18300.0,37.0,0.27414999999985423,31.25,30.125,36.97000000000003,0.0,0.0,0.0,0.0,0.0,20.0,0.75,0.1,0.1,0.1,0.1,0.1,0.1,0.1,0.5,0.0,0.0,0.0,0.0,0.0,0.0,0.0,0.0,0.0,0.0,0.0,0.0,0.0,0.0,0.0,0.0
8889.19,0.03552821605457829,0.6,18300.0,37.0,0.27474999999985367,31.25,30.1875,37.01000000000005,0.0,0.0,0.0,0.0,0.0,20.0,0.75,0.1,0.1,0.1,0.1,0.1,0.1,0.1,0.5,0.0,0.0,0.0,0.0,0.0,0.0,0.0,0.0,0.0,0.0,0.0,0.0,0.0,0.0,0.0,0.0
8949.24,0.03982505617181523,0.6,18300.0,37.0,0.28744999999984383,31.3125,30.25,36.950000000000045,0.0,0.0,0.0,0.0,0.0,20.0,0.75,0.1,0.1,0.1,0.1,0.1,0.1,0.1,0.5,0.0,0.0,0.0,0.0,0.0,0.0,0.0,0.0,0.0,0.0,0.0,0.0,0.0,0.0,0.0,0.0
9009.28,0.0305096679952426,0.6,18300.0,37.0,0.26864999999984673,31.375,30.1875,36.97000000000003,0.0,0.0,0.0,0.0,0.0,20.0,0.75,0.1,0.1,0.1,0.1,0.1,0.1,0.1,0.5,0.0,0.0,0.0,0.0,0.0,0.0,0.0,0.0,0.0,0.0,0.0,0.0,0.0,0.0,0.0,0.0
9069.36,0.040826024330039956,0.6,18300.0,37.0,0.2942499999998519,31.25,30.25,36.93000000000001,0.0,0.0,0.0,0.0,0.0,20.0,0.75,0.1,0.1,0.1,0.1,0.1,0.1,0.1,0.5,0.0,0.0,0.0,0.0,0.0,0.0,0.0,0.0,0.0,0.0,0.0,0.0,0.0,0.0,0.0,0.0
9129.43,0.036832108391757906,0.6,18300.0,37.0,0.2121499999998379,31.25,30.1875,37.110000000000014,0.0,0.0,0.0,0.0,0.0,20.0,0.75,0.1,0.1,0.1,0.1,0.1,0.1,0.1,0.5,0.0,0.0,0.0,0.0,0.0,0.0,0.0,0.0,0.0,0.0,0.0,0.0,0.0,0.0,0.0,0.0
9189.47,0.03543494451895792,0.6,18300.0,37.0,0.2562499999998387,31.1875,30.0,37.01000000000005,0.0,0.0,0.0,0.0,0.0,20.0,0.75,0.1,0.1,0.1,0.1,0.1,0.1,0.1,0.5,0.0,0.0,0.0,0.0,0.0,0.0,0.0,0.0,0.0,0.0,0.0,0.0,0.0,0.0,0.0,0.0
9249.52,0.05102584997100624,0.6,18300.0,37.0,0.23294999999984145,31.25,30.125,37.05000000000001,0.0,0.0,0.0,0.0,0.0,20.0,0.75,0.1,0.1,0.1,0.1,0.1,0.1,0.1,0.5,0.0,0.0,0.0,0.0,0.0,0.0,0.0,0.0,0.0,0.0,0.0,0.0,0.0,0.0,0.0,0.0
9309.59,0.04413487451117171,0.6,18300.0,37.0,0.31444999999983836,31.3125,30.125,36.870000000000005,0.0,0.0,0.0,0.0,0.0,20.0,0.75,0.1,0.1,0.1,0.1,0.1,0.1,0.1,0.5,0.0,0.0,0.0,0.0,0.0,0.0,0.0,0.0,0.0,0.0,0.0,0.0,0.0,0.0,0.0,0.0
9369.67,0.046594074259144386,0.6,18300.0,37.0,0.20644999999983288,31.0625,30.125,37.01000000000005,0.0,0.0,0.0,0.0,0.0,20.0,0.75,0.1,0.1,0.1,0.1,0.1,0.1,0.1,0.5,0.0,0.0,0.0,0.0,0.0,0.0,0.0,0.0,0.0,0.0,0.0,0.0,0.0,0.0,0.0,0.0
9429.72,0.05419516848634107,0.6,18300.0,37.0,0.2835499999998347,31.4375,30.25,36.870000000000005,0.0,0.0,0.0,0.0,0.0,20.0,0.75,0.1,0.1,0.1,0.1,0.1,0.1,0.1,0.5,0.0,0.0,0.0,0.0,0.0,0.0,0.0,0.0,0.0,0.0,0.0,0.0,0.0,0.0,0.0,0.0
9489.81,0.050831542683757024,0.6,18300.0,37.0,0.26764999999983324,31.25,30.3125,37.01000000000005,0.0,0.0,0.0,0.0,0.0,20.0,0.75,0.1,0.1,0.1,0.1,0.1,0.1,0.1,0.5,0.0,0.0,0.0,0.0,0.0,0.0,0.0,0.0,0.0,0.0,0.0,0.0,0.0,0.0,0.0,0.0
9549.89,0.046055506942549694,0.6,18300.0,37.0,0.29274999999984314,31.375,30.25,37.03000000000003,0.0,0.0,0.0,0.0,0.0,20.0,0.75,0.1,0.1,0.1,0.1,0.1,0.1,0.1,0.5,0.0,0.0,0.0,0.0,0.0,0.0,0.0,0.0,0.0,0.0,0.0,0.0,0.0,0.0,0.0,0.0
9609.95,0.047977985971455396,0.6,18300.0,37.0,0.25034999999983565,31.375,30.1875,37.05000000000001,0.0,0.0,0.0,0.0,0.0,20.0,0.75,0.1,0.1,0.1,0.1,0.1,0.1,0.1,0.5,0.0,0.0,0.0,0.0,0.0,0.0,0.0,0.0,0.0,0.0,0.0,0.0,0.0,0.0,0.0,0.0
9669.99,0.046858539168794344,0.6,18300.0,37.0,0.27094999999983027,31.25,30.375,36.73000000000002,0.0,0.0,0.0,0.0,0.0,20.0,0.75,0.1,0.1,0.1,0.1,0.1,0.1,0.1,0.5,0.0,0.0,0.0,0.0,0.0,0.0,0.0,0.0,0.0,0.0,0.0,0.0,0.0,0.0,0.0,0.0
9730.03,0.05767233168034751,0.6,18300.0,37.0,0.27564999999983936,31.1875,30.1875,36.950000000000045,0.0,0.0,0.0,0.0,0.0,20.0,0.75,0.1,0.1,0.1,0.1,0.1,0.1,0.1,0.5,0.0,0.0,0.0,0.0,0.0,0.0,0.0,0.0,0.0,0.0,0.0,0.0,0.0,0.0,0.0,0.0
9790.08,0.053969670985088126,0.6,18300.0,37.0,0.3165499999998306,31.125,30.3125,36.93000000000001,0.0,0.0,0.0,0.0,0.0,20.0,0.75,0.1,0.1,0.1,0.1,0.1,0.1,0.1,0.5,0.0,0.0,0.0,0.0,0.0,0.0,0.0,0.0,0.0,0.0,0.0,0.0,0.0,0.0,0.0,0.0
9850.14,0.055826776004427876,0.6,18300.0,37.0,0.270649999999828,31.5,30.25,36.870000000000005,0.0,0.0,0.0,0.0,0.0,20.0,0.75,0.1,0.1,0.1,0.1,0.1,0.1,0.1,0.5,0.0,0.0,0.0,0.0,0.0,0.0,0.0,0.0,0.0,0.0,0.0,0.0,0.0,0.0,0.0,0.0
9910.19,0.0608629139939354,0.6,18300.0,37.0,0.26444999999983193,31.375,30.25,36.93000000000001,0.0,0.0,0.0,0.0,0.0,20.0,0.75,0.1,0.1,0.1,0.1,0.1,0.1,0.1,0.5,0.0,0.0,0.0,0.0,0.0,0.0,0.0,0.0,0.0,0.0,0.0,0.0,0.0,0.0,0.0,0.0
9970.23,0.06272676418235135,0.6,18300.0,37.0,0.25294999999982565,31.125,30.1875,36.950000000000045,0.0,0.0,0.0,0.0,0.0,20.0,0.75,0.1,0.1,0.1,0.1,0.1,0.1,0.1,0.5,0.0,0.0,0.0,0.0,0.0,0.0,0.0,0.0,0.0,0.0,0.0,0.0,0.0,0.0,0.0,0.0
10030.31,0.05961903692678985,0.6,18300.0,37.0,0.31684999999982694,31.625,30.1875,36.81,0.0,0.0,0.0,0.0,0.0,20.0,0.75,0.1,0.1,0.1,0.1,0.1,0.1,0.1,0.5,0.0,0.0,0.0,0.0,0.0,0.0,0.0,0.0,0.0,0.0,0.0,0.0,0.0,0.0,0.0,0.0
10090.38,0.0603557279568524,0.6,18300.0,37.0,0.2571499999998236,31.5,30.0625,36.870000000000005,0.0,0.0,0.0,0.0,0.0,20.0,0.75,0.1,0.1,0.1,0.1,0.1,0.1,0.1,0.5,0.0,0.0,0.0,0.0,0.0,0.0,0.0,0.0,0.0,0.0,0.0,0.0,0.0,0.0,0.0,0.0
10150.42,0.060567956343664964,0.6,18300.0,37.0,0.245049999999832,31.375,30.0625,36.93000000000001,0.0,0.0,0.0,0.0,0.0,20.0,0.75,0.1,0.1,0.1,0.1,0.1,0.1,0.1,0.5,0.0,0.0,0.0,0.0,0.0,0.0,0.0,0.0,0.0,0.0,0.0,0.0,0.0,0.0,0.0,0.0
10210.5,0.06345096981574624,0.6,18300.0,37.0,0.22644999999983045,31.5,30.25,36.85000000000002,0.0,0.0,0.0,0.0,0.0,20.0,0.75,0.1,0.1,0.1,0.1,0.1,0.1,0.1,0.5,0.0,0.0,0.0,0.0,0.0,0.0,0.0,0.0,0.0,0.0,0.0,0.0,0.0,0.0,0.0,0.0
10270.56,0.06379282529399417,0.6,18300.0,37.0,0.29324999999982737,31.4375,30.1875,36.77000000000004,0.0,0.0,0.0,0.0,0.0,20.0,0.75,0.1,0.1,0.1,0.1,0.1,0.1,0.1,0.5,0.0,0.0,0.0,0.0,0.0,0.0,0.0,0.0,0.0,0.0,0.0,0.0,0.0,0.0,0.0,0.0
10330.64,0.07173931676691053,0.6,18300.0,37.0,0.3271499999998275,31.0625,30.25,36.89000000000004,0.0,0.0,0.0,0.0,0.0,20.0,0.75,0.1,0.1,0.1,0.1,0.1,0.1,0.1,0.5,0.0,0.0,0.0,0.0,0.0,0.0,0.0,0.0,0.0,0.0,0.0,0.0,0.0,0.0,0.0,0.0
10390.69,0.06640479768677926,0.6,18300.0,37.0,0.2344499999998232,31.375,30.375,36.79000000000002,0.0,0.0,0.0,0.0,0.0,20.0,0.75,0.1,0.1,0.1,0.1,0.1,0.1,0.1,0.5,0.0,0.0,0.0,0.0,0.0,0.0,0.0,0.0,0.0,0.0,0.0,0.0,0.0,0.0,0.0,0.0
10450.77,0.0635589221777701,0.6,18300.0,37.0,0.27354999999982854,31.625,30.25,36.950000000000045,0.0,0.0,0.0,0.0,0.0,20.0,0.75,0.1,0.1,0.1,0.1,0.1,0.1,0.1,0.5,0.0,0.0,0.0,0.0,0.0,0.0,0.0,0.0,0.0,0.0,0.0,0.0,0.0,0.0,0.0,0.0
10510.84,0.06313972850575791,0.6,18300.0,37.0,0.2700499999998175,31.125,30.1875,37.05000000000001,0.0,0.0,0.0,0.0,0.0,20.0,0.75,0.1,0.1,0.1,0.1,0.1,0.1,0.1,0.5,0.0,0.0,0.0,0.0,0.0,0.0,0.0,0.0,0.0,0.0,0.0,0.0,0.0,0.0,0.0,0.0
10570.89,0.07561209146853393,0.6,18300.0,37.0,0.254149999999816,31.5,30.125,36.77000000000004,0.0,0.0,0.0,0.0,0.0,20.0,0.75,0.1,0.1,0.1,0.1,0.1,0.1,0.1,0.5,0.0,0.0,0.0,0.0,0.0,0.0,0.0,0.0,0.0,0.0,0.0,0.0,0.0,0.0,0.0,0.0
10630.94,0.07393789166758359,0.6,18300.0,37.0,0.2774499999998258,31.4375,30.1875,36.89000000000004,0.0,0.0,0.0,0.0,0.0,20.0,0.75,0.1,0.1,0.1,0.1,0.1,0.1,0.1,0.5,0.0,0.0,0.0,0.0,0.0,0.0,0.0,0.0,0.0,0.0,0.0,0.0,0.0,0.0,0.0,0.0
10691.01,0.06616806775689765,0.6,18300.0,37.0,0.29394999999982585,31.4375,30.3125,36.85000000000002,0.0,0.0,0.0,0.0,0.0,20.0,0.75,0.1,0.1,0.1,0.1,0.1,0.1,0.1,0.5,0.0,0.0,0.0,0.0,0.0,0.0,0.0,0.0,0.0,0.0,0.0,0.0,0.0,0.0,0.0,0.0
10751.09,0.07459356218481407,0.6,18300.0,37.0,0.22534999999981292,31.5,30.1875,36.97000000000003,0.0,0.0,0.0,0.0,0.0,20.0,0.75,0.1,0.1,0.1,0.1,0.1,0.1,0.1,0.5,0.0,0.0,0.0,0.0,0.0,0.0,0.0,0.0,0.0,0.0,0.0,0.0,0.0,0.0,0.0,0.0
10811.13,0.06775680591521564,0.6,18300.0,37.0,0.2408499999998221,31.5,30.1875,36.97000000000003,0.0,0.0,0.0,0.0,0.0,20.0,0.75,0.1,0.1,0.1,0.1,0.1,0.1,0.1,0.5,0.0,0.0,0.0,0.0,0.0,0.0,0.0,0.0,0.0,0.0,0.0,0.0,0.0,0.0,0.0,0.0
10871.19,0.07185638028389796,0.6,18300.0,37.0,0.272949999999823,31.375,30.1875,36.85000000000002,0.0,0.0,0.0,0.0,0.0,20.0,0.75,0.1,0.1,0.1,0.1,0.1,0.1,0.1,0.5,0.0,0.0,0.0,0.0,0.0,0.0,0.0,0.0,0.0,0.0,0.0,0.0,0.0,0.0,0.0,0.0
10931.24,0.07521980655651202,0.6,18300.0,37.0,0.2932499999998179,31.3125,30.125,37.01000000000005,0.0,0.0,0.0,0.0,0.0,20.0,0.75,0.1,0.1,0.1,0.1,0.1,0.1,0.1,0.5,0.0,0.0,0.0,0.0,0.0,0.0,0.0,0.0,0.0,0.0,0.0,0.0,0.0,0.0,0.0,0.0
10991.28,0.08125061704879818,0.6,18300.0,37.0,0.26474999999981624,31.625,30.25,36.950000000000045,0.0,0.0,0.0,0.0,0.0,20.0,0.75,0.1,0.1,0.1,0.1,0.1,0.1,0.1,0.5,0.0,0.0,0.0,0.0,0.0,0.0,0.0,0.0,0.0,0.0,0.0,0.0,0.0,0.0,0.0,0.0
11051.36,0.08571258078355505,0.6,18300.0,37.0,0.30684999999982226,31.25,30.25,36.81,0.0,0.0,0.0,0.0,0.0,20.0,0.75,0.1,0.1,0.1,0.1,0.1,0.1,0.1,0.5,0.0,0.0,0.0,0.0,0.0,0.0,0.0,0.0,0.0,0.0,0.0,0.0,0.0,0.0,0.0,0.0
11111.41,0.08445907782686263,0.6,18300.0,37.0,0.23624999999981372,31.1875,30.1875,36.79000000000002,0.0,0.0,0.0,0.0,0.0,20.0,0.75,0.1,0.1,0.1,0.1,0.1,0.1,0.1,0.5,0.0,0.0,0.0,0.0,0.0,0.0,0.0,0.0,0.0,0.0,0.0,0.0,0.0,0.0,0.0,0.0
11171.48,0.08082179985914602,0.6,18300.0,37.0,0.27444999999981906,31.25,30.1875,37.05000000000001,0.0,0.0,0.0,0.0,0.0,20.0,0.75,0.1,0.1,0.1,0.1,0.1,0.1,0.1,0.5,0.0,0.0,0.0,0.0,0.0,0.0,0.0,0.0,0.0,0.0,0.0,0.0,0.0,0.0,0.0,0.0
11231.59,0.09001775855448317,0.6,18300.0,37.0,0.2668499999998135,31.375,30.125,36.93000000000001,0.0,0.0,0.0,0.0,0.0,20.0,0.75,0.1,0.1,0.1,0.1,0.1,0.1,0.1,0.5,0.0,0.0,0.0,0.0,0.0,0.0,0.0,0.0,0.0,0.0,0.0,0.0,0.0,0.0,0.0,0.0
11291.67,0.08026954094786037,0.6,18300.0,37.0,0.2512499999998118,31.375,30.25,36.93000000000001,0.0,0.0,0.0,0.0,0.0,20.0,0.75,0.1,0.1,0.1,0.1,0.1,0.1,0.1,0.5,0.0,0.0,0.0,0.0,0.0,0.0,0.0,0.0,0.0,0.0,0.0,0.0,0.0,0.0,0.0,0.0
11351.78,0.08330368350983627,0.6,18300.0,37.0,0.27004999999980633,31.3125,30.25,36.79000000000002,0.0,0.0,0.0,0.0,0.0,20.0,0.75,0.1,0.1,0.1,0.1,0.1,0.1,0.1,0.5,0.0,0.0,0.0,0.0,0.0,0.0,0.0,0.0,0.0,0.0,0.0,0.0,0.0,0.0,0.0,0.0
11411.81,0.09030313201402776,0.6,18300.0,37.0,0.2703499999998052,31.375,30.125,37.03000000000003,0.0,0.0,0.0,0.0,0.0,20.0,0.75,0.1,0.1,0.1,0.1,0.1,0.1,0.1,0.5,0.0,0.0,0.0,0.0,0.0,0.0,0.0,0.0,0.0,0.0,0.0,0.0,0.0,0.0,0.0,0.0
11471.86,0.09402535446651042,0.6,18300.0,37.0,0.30894999999981526,31.3125,30.1875,36.81,0.0,0.0,0.0,0.0,0.0,20.0,0.75,0.1,0.1,0.1,0.1,0.1,0.1,0.1,0.5,0.0,0.0,0.0,0.0,0.0,0.0,0.0,0.0,0.0,0.0,0.0,0.0,0.0,0.0,0.0,0.0
11531.9,0.08922784990741879,0.6,18300.0,37.0,0.2906499999998143,31.8125,30.3125,36.870000000000005,0.0,0.0,0.0,0.0,0.0,20.0,0.75,0.1,0.1,0.1,0.1,0.1,0.1,0.1,0.5,0.0,0.0,0.0,0.0,0.0,0.0,0.0,0.0,0.0,0.0,0.0,0.0,0.0,0.0,0.0,0.0
11591.97,0.09233554245915171,0.6,18300.0,37.0,0.30714999999981435,31.75,30.1875,36.81,0.0,0.0,0.0,0.0,0.0,20.0,0.75,0.1,0.1,0.1,0.1,0.1,0.1,0.1,0.5,0.0,0.0,0.0,0.0,0.0,0.0,0.0,0.0,0.0,0.0,0.0,0.0,0.0,0.0,0.0,0.0
11652.03,0.09318638843245329,0.6,18300.0,37.0,0.23534999999980605,31.9375,30.1875,37.09000000000003,0.0,0.0,0.0,0.0,0.0,20.0,0.75,0.1,0.1,0.1,0.1,0.1,0.1,0.1,0.5,0.0,0.0,0.0,0.0,0.0,0.0,0.0,0.0,0.0,0.0,0.0,0.0,0.0,0.0,0.0,0.0
11712.11,0.09993242399464464,0.6,18300.0,37.0,0.24174999999981017,31.5625,30.0625,37.05000000000001,0.0,0.0,0.0,0.0,0.0,20.0,0.75,0.1,0.1,0.1,0.1,0.1,0.1,0.1,0.5,0.0,0.0,0.0,0.0,0.0,0.0,0.0,0.0,0.0,0.0,0.0,0.0,0.0,0.0,0.0,0.0
11772.16,0.09785437797464167,0.6,18300.0,37.0,0.24584999999980472,31.6875,30.1875,37.03000000000003,0.0,0.0,0.0,0.0,0.0,20.0,0.75,0.1,0.1,0.1,0.1,0.1,0.1,0.1,0.5,0.0,0.0,0.0,0.0,0.0,0.0,0.0,0.0,0.0,0.0,0.0,0.0,0.0,0.0,0.0,0.0
11832.2,0.104119429228398,0.6,18300.0,37.0,0.3041499999998111,31.625,30.1875,36.81,0.0,0.0,0.0,0.0,0.0,20.0,0.75,0.1,0.1,0.1,0.1,0.1,0.1,0.1,0.5,0.0,0.0,0.0,0.0,0.0,0.0,0.0,0.0,0.0,0.0,0.0,0.0,0.0,0.0,0.0,0.0
11892.27,0.10313729996520055,0.6,18300.0,37.0,0.2482499999998034,31.625,30.25,37.03000000000003,0.0,0.0,0.0,0.0,0.0,20.0,0.75,0.1,0.1,0.1,0.1,0.1,0.1,0.1,0.5,0.0,0.0,0.0,0.0,0.0,0.0,0.0,0.0,0.0,0.0,0.0,0.0,0.0,0.0,0.0,0.0
11952.31,0.10817279440564402,0.6,18300.0,37.0,0.2835499999997989,31.4375,30.25,36.89000000000004,0.0,0.0,0.0,0.0,0.0,20.0,0.75,0.1,0.1,0.1,0.1,0.1,0.1,0.1,0.5,0.0,0.0,0.0,0.0,0.0,0.0,0.0,0.0,0.0,0.0,0.0,0.0,0.0,0.0,0.0,0.0
12012.38,0.10029264348738043,0.6,18300.0,37.0,0.2856499999997979,31.8125,30.3125,36.89000000000004,0.0,0.0,0.0,0.0,0.0,20.0,0.75,0.1,0.1,0.1,0.1,0.1,0.1,0.1,0.5,0.0,0.0,0.0,0.0,0.0,0.0,0.0,0.0,0.0,0.0,0.0,0.0,0.0,0.0,0.0,0.0
12072.49,0.1075333735883518,0.6,18300.0,37.0,0.31244999999980283,31.8125,30.1875,36.79000000000002,0.0,0.0,0.0,0.0,0.0,20.0,0.75,0.1,0.1,0.1,0.1,0.1,0.1,0.1,0.5,0.0,0.0,0.0,0.0,0.0,0.0,0.0,0.0,0.0,0.0,0.0,0.0,0.0,0.0,0.0,0.0
12132.56,0.10801813334542454,0.6,18300.0,37.0,0.27274999999979543,31.625,30.25,36.950000000000045,0.0,0.0,0.0,0.0,0.0,20.0,0.75,0.1,0.1,0.1,0.1,0.1,0.1,0.1,0.5,0.0,0.0,0.0,0.0,0.0,0.0,0.0,0.0,0.0,0.0,0.0,0.0,0.0,0.0,0.0,0.0
12192.64,0.11195271515206975,0.6,18300.0,37.0,0.29334999999980516,31.4375,30.1875,36.870000000000005,0.0,0.0,0.0,0.0,0.0,20.0,0.75,0.1,0.1,0.1,0.1,0.1,0.1,0.1,0.5,0.0,0.0,0.0,0.0,0.0,0.0,0.0,0.0,0.0,0.0,0.0,0.0,0.0,0.0,0.0,0.0
12252.72,0.11473044937514962,0.6,18300.0,37.0,0.25004999999979766,31.625,30.1875,37.03000000000003,0.0,0.0,0.0,0.0,0.0,20.0,0.75,0.1,0.1,0.1,0.1,0.1,0.1,0.1,0.5,0.0,0.0,0.0,0.0,0.0,0.0,0.0,0.0,0.0,0.0,0.0,0.0,0.0,0.0,0.0,0.0
12312.78,0.12216128464297282,0.6,18300.0,37.0,0.30774999999980374,31.6875,30.125,36.81,0.0,0.0,0.0,0.0,0.0,20.0,0.75,0.1,0.1,0.1,0.1,0.1,0.1,0.1,0.5,0.0,0.0,0.0,0.0,0.0,0.0,0.0,0.0,0.0,0.0,0.0,0.0,0.0,0.0,0.0,0.0
12372.82,0.12168992673910559,0.6,18300.0,37.0,0.23234999999979533,31.6875,30.0625,37.09000000000003,0.0,0.0,0.0,0.0,0.0,20.0,0.75,0.1,0.1,0.1,0.1,0.1,0.1,0.1,0.5,0.0,0.0,0.0,0.0,0.0,0.0,0.0,0.0,0.0,0.0,0.0,0.0,0.0,0.0,0.0,0.0
12432.9,0.1248763968216372,0.6,18300.0,37.0,0.28884999999980165,31.5,30.3125,36.870000000000005,0.0,0.0,0.0,0.0,0.0,20.0,0.75,0.1,0.1,0.1,0.1,0.1,0.1,0.1,0.5,0.0,0.0,0.0,0.0,0.0,0.0,0.0,0.0,0.0,0.0,0.0,0.0,0.0,0.0,0.0,0.0
12492.95,0.13476089821809314,0.6,18300.0,37.0,0.26114999999979505,31.75,30.25,36.97000000000003,0.0,0.0,0.0,0.0,0.0,20.0,0.75,0.1,0.1,0.1,0.1,0.1,0.1,0.1,0.5,0.0,0.0,0.0,0.0,0.0,0.0,0.0,0.0,0.0,0.0,0.0,0.0,0.0,0.0,0.0,0.0
12552.99,0.126227656378098,0.6,18300.0,37.0,0.26084999999979447,31.5,30.25,36.97000000000003,0.0,0.0,0.0,0.0,0.0,20.0,0.75,0.1,0.1,0.1,0.1,0.1,0.1,0.1,0.5,0.0,0.0,0.0,0.0,0.0,0.0,0.0,0.0,0.0,0.0,0.0,0.0,0.0,0.0,0.0,0.0
12613.04,0.1359297416582565,0.6,18300.0,37.0,0.29004999999979975,31.4375,30.25,36.870000000000005,0.0,0.0,0.0,0.0,0.0,20.0,0.75,0.1,0.1,0.1,0.1,0.1,0.1,0.1,0.5,0.0,0.0,0.0,0.0,0.0,0.0,0.0,0.0,0.0,0.0,0.0,0.0,0.0,0.0,0.0,0.0
12673.08,0.14452913149873256,0.6,18300.0,37.0,0.3339499999997908,31.6875,30.25,36.710000000000036,0.0,0.0,0.0,0.0,0.0,20.0,0.75,0.1,0.1,0.1,0.1,0.1,0.1,0.1,0.5,0.0,0.0,0.0,0.0,0.0,0.0,0.0,0.0,0.0,0.0,0.0,0.0,0.0,0.0,0.0,0.0
12733.15,0.1394023637932556,0.6,18300.0,37.0,0.22444999999978582,31.25,30.3125,37.13000000000005,0.0,0.0,0.0,0.0,0.0,20.0,0.75,0.1,0.1,0.1,0.1,0.1,0.1,0.1,0.5,0.0,0.0,0.0,0.0,0.0,0.0,0.0,0.0,0.0,0.0,0.0,0.0,0.0,0.0,0.0,0.0
12793.19,0.14160616462118888,0.6,18300.0,37.0,0.25414999999978555,31.4375,30.3125,37.01000000000005,0.0,0.0,0.0,0.0,0.0,20.0,0.75,0.1,0.1,0.1,0.1,0.1,0.1,0.1,0.5,0.0,0.0,0.0,0.0,0.0,0.0,0.0,0.0,0.0,0.0,0.0,0.0,0.0,0.0,0.0,0.0
12853.25,0.14092526371845446,0.6,18300.0,37.0,0.295949999999791,31.625,30.25,36.85000000000002,0.0,0.0,0.0,0.0,0.0,20.0,0.75,0.1,0.1,0.1,0.1,0.1,0.1,0.1,0.5,0.0,0.0,0.0,0.0,0.0,0.0,0.0,0.0,0.0,0.0,0.0,0.0,0.0,0.0,0.0,0.0
12913.31,0.14863635894481114,0.6,18300.0,37.0,0.24444999999979344,31.5,30.1875,37.05000000000001,0.0,0.0,0.0,0.0,0.0,20.0,0.75,0.1,0.1,0.1,0.1,0.1,0.1,0.1,0.5,0.0,0.0,0.0,0.0,0.0,0.0,0.0,0.0,0.0,0.0,0.0,0.0,0.0,0.0,0.0,0.0
12973.34,0.14678984744126294,0.6,18300.0,37.0,0.27624999999979377,31.3125,30.25,36.93000000000001,0.0,0.0,0.0,0.0,0.0,20.0,0.75,0.1,0.1,0.1,0.1,0.1,0.1,0.1,0.5,0.0,0.0,0.0,0.0,0.0,0.0,0.0,0.0,0.0,0.0,0.0,0.0,0.0,0.0,0.0,0.0
13033.4,0.15054606697016118,0.6,18300.0,37.0,0.24474999999979224,32.125,30.1875,37.05000000000001,0.0,0.0,0.0,0.0,0.0,20.0,0.75,0.1,0.1,0.1,0.1,0.1,0.1,0.1,0.5,0.0,0.0,0.0,0.0,0.0,0.0,0.0,0.0,0.0,0.0,0.0,0.0,0.0,0.0,0.0,0.0
13093.48,0.16144496626299593,0.6,18300.0,37.0,0.2673499999997825,31.4375,30.25,36.950000000000045,0.0,0.0,0.0,0.0,0.0,20.0,0.75,0.1,0.1,0.1,0.1,0.1,0.1,0.1,0.5,0.0,0.0,0.0,0.0,0.0,0.0,0.0,0.0,0.0,0.0,0.0,0.0,0.0,0.0,0.0,0.0
13153.55,0.16056226560978426,0.6,18300.0,37.0,0.2944499999997871,31.8125,30.1875,36.85000000000002,0.0,0.0,0.0,0.0,0.0,20.0,0.75,0.1,0.1,0.1,0.1,0.1,0.1,0.1,0.5,0.0,0.0,0.0,0.0,0.0,0.0,0.0,0.0,0.0,0.0,0.0,0.0,0.0,0.0,0.0,0.0
13213.58,0.16086334353600978,0.6,18300.0,37.0,0.28354999999978114,31.25,30.125,36.89000000000004,0.0,0.0,0.0,0.0,0.0,20.0,0.75,0.1,0.1,0.1,0.1,0.1,0.1,0.1,0.5,0.0,0.0,0.0,0.0,0.0,0.0,0.0,0.0,0.0,0.0,0.0,0.0,0.0,0.0,0.0,0.0
13273.63,0.17217276913559973,0.6,18300.0,37.0,0.2479499999997834,31.625,30.0,37.03000000000003,0.0,0.0,0.0,0.0,0.0,20.0,0.75,0.1,0.1,0.1,0.1,0.1,0.1,0.1,0.5,0.0,0.0,0.0,0.0,0.0,0.0,0.0,0.0,0.0,0.0,0.0,0.0,0.0,0.0,0.0,0.0
13333.67,0.17654348748917953,0.6,18300.0,37.0,0.20904999999978613,31.75,30.1875,37.170000000000016,0.0,0.0,0.0,0.0,0.0,20.0,0.75,0.1,0.1,0.1,0.1,0.1,0.1,0.1,0.5,0.0,0.0,0.0,0.0,0.0,0.0,0.0,0.0,0.0,0.0,0.0,0.0,0.0,0.0,0.0,0.0
13393.71,0.16933051683738604,0.6,18300.0,37.0,0.2855499999997885,32.0,30.1875,36.870000000000005,0.0,0.0,0.0,0.0,0.0,20.0,0.75,0.1,0.1,0.1,0.1,0.1,0.1,0.1,0.5,0.0,0.0,0.0,0.0,0.0,0.0,0.0,0.0,0.0,0.0,0.0,0.0,0.0,0.0,0.0,0.0
13453.79,0.17159636143860732,0.6,18300.0,37.0,0.25144999999977685,31.5625,30.25,37.01000000000005,0.0,0.0,0.0,0.0,0.0,20.0,0.75,0.1,0.1,0.1,0.1,0.1,0.1,0.1,0.5,0.0,0.0,0.0,0.0,0.0,0.0,0.0,0.0,0.0,0.0,0.0,0.0,0.0,0.0,0.0,0.0
13513.87,0.1719882587525115,0.6,18300.0,37.0,0.24704999999978083,31.625,30.25,37.03000000000003,0.0,0.0,0.0,0.0,0.0,20.0,0.75,0.1,0.1,0.1,0.1,0.1,0.1,0.1,0.5,0.0,0.0,0.0,0.0,0.0,0.0,0.0,0.0,0.0,0.0,0.0,0.0,0.0,0.0,0.0,0.0
13573.91,0.18903454123241453,0.6,18300.0,37.0,0.23024999999977935,31.5,30.125,37.09000000000003,0.0,0.0,0.0,0.0,0.0,20.0,0.75,0.1,0.1,0.1,0.1,0.1,0.1,0.1,0.5,0.0,0.0,0.0,0.0,0.0,0.0,0.0,0.0,0.0,0.0,0.0,0.0,0.0,0.0,0.0,0.0
13633.95,0.1844726693727413,0.6,18300.0,37.0,0.2614499999997794,31.5625,30.0625,36.97000000000003,0.0,0.0,0.0,0.0,0.0,20.0,0.75,0.1,0.1,0.1,0.1,0.1,0.1,0.1,0.5,0.0,0.0,0.0,0.0,0.0,0.0,0.0,0.0,0.0,0.0,0.0,0.0,0.0,0.0,0.0,0.0
13693.99,0.18897404923610137,0.6,18300.0,37.0,0.26264999999977834,31.375,30.0,36.97000000000003,0.0,0.0,0.0,0.0,0.0,20.0,0.75,0.1,0.1,0.1,0.1,0.1,0.1,0.1,0.5,0.0,0.0,0.0,0.0,0.0,0.0,0.0,0.0,0.0,0.0,0.0,0.0,0.0,0.0,0.0,0.0
13754.07,0.193154558595001,0.6,18300.0,37.0,0.2455499999997771,31.125,30.25,37.03000000000003,0.0,0.0,0.0,0.0,0.0,20.0,0.75,0.1,0.1,0.1,0.1,0.1,0.1,0.1,0.5,0.0,0.0,0.0,0.0,0.0,0.0,0.0,0.0,0.0,0.0,0.0,0.0,0.0,0.0,0.0,0.0
13814.15,0.20648411114384563,0.6,18300.0,37.0,0.2720499999997823,31.3125,30.25,36.93000000000001,0.0,0.0,0.0,0.0,0.0,20.0,0.75,0.1,0.1,0.1,0.1,0.1,0.1,0.1,0.5,0.0,0.0,0.0,0.0,0.0,0.0,0.0,0.0,0.0,0.0,0.0,0.0,0.0,0.0,0.0,0.0
13874.2,0.19583091279301712,0.6,18300.0,37.0,0.2641499999997762,31.375,30.1875,36.97000000000003,0.0,0.0,0.0,0.0,0.0,20.0,0.75,0.1,0.1,0.1,0.1,0.1,0.1,0.1,0.5,0.0,0.0,0.0,0.0,0.0,0.0,0.0,0.0,0.0,0.0,0.0,0.0,0.0,0.0,0.0,0.0
13934.27,0.20460080248004514,0.6,18300.0,37.0,0.29384999999977673,31.4375,30.3125,36.85000000000002,0.0,0.0,0.0,0.0,0.0,20.0,0.75,0.1,0.1,0.1,0.1,0.1,0.1,0.1,0.5,0.0,0.0,0.0,0.0,0.0,0.0,0.0,0.0,0.0,0.0,0.0,0.0,0.0,0.0,0.0,0.0
13994.35,0.20917780766257613,0.6,18300.0,37.0,0.2306499999997782,31.375,30.0625,37.110000000000014,0.0,0.0,0.0,0.0,0.0,20.0,0.75,0.1,0.1,0.1,0.1,0.1,0.1,0.1,0.5,0.0,0.0,0.0,0.0,0.0,0.0,0.0,0.0,0.0,0.0,0.0,0.0,0.0,0.0,0.0,0.0
14054.42,0.21608740878273963,0.6,18300.0,37.0,0.24594999999977846,31.375,30.125,37.05000000000001,0.0,0.0,0.0,0.0,0.0,20.0,0.75,0.1,0.1,0.1,0.1,0.1,0.1,0.1,0.5,0.0,0.0,0.0,0.0,0.0,0.0,0.0,0.0,0.0,0.0,0.0,0.0,0.0,0.0,0.0,0.0
14114.5,0.22280596502105662,0.6,18300.0,37.0,0.2777499999997788,31.4375,30.1875,36.93000000000001,0.0,0.0,0.0,0.0,0.0,20.0,0.75,0.1,0.1,0.1,0.1,0.1,0.1,0.1,0.5,0.0,0.0,0.0,0.0,0.0,0.0,0.0,0.0,0.0,0.0,0.0,0.0,0.0,0.0,0.0,0.0
14174.57,0.22043523682120605,0.6,18300.0,37.0,0.22624999999976625,31.1875,30.25,37.13000000000005,0.0,0.0,0.0,0.0,0.0,20.0,0.75,0.1,0.1,0.1,0.1,0.1,0.1,0.1,0.5,0.0,0.0,0.0,0.0,0.0,0.0,0.0,0.0,0.0,0.0,0.0,0.0,0.0,0.0,0.0,0.0
14234.63,0.22330577954862096,0.6,18300.0,37.0,0.2547499999997662,31.25,30.25,37.01000000000005,0.0,0.0,0.0,0.0,0.0,20.0,0.75,0.1,0.1,0.1,0.1,0.1,0.1,0.1,0.5,0.0,0.0,0.0,0.0,0.0,0.0,0.0,0.0,0.0,0.0,0.0,0.0,0.0,0.0,0.0,0.0
14294.68,0.22094615572371876,0.6,18300.0,37.0,0.2774499999997757,31.4375,30.125,36.93000000000001,0.0,0.0,0.0,0.0,0.0,20.0,0.75,0.1,0.1,0.1,0.1,0.1,0.1,0.1,0.5,0.0,0.0,0.0,0.0,0.0,0.0,0.0,0.0,0.0,0.0,0.0,0.0,0.0,0.0,0.0,0.0
14354.74,0.24226568387521033,0.6,18300.0,37.0,0.2341499999997682,31.625,30.0625,37.09000000000003,0.0,0.0,0.0,0.0,0.0,20.0,0.75,0.1,0.1,0.1,0.1,0.1,0.1,0.1,0.5,0.0,0.0,0.0,0.0,0.0,0.0,0.0,0.0,0.0,0.0,0.0,0.0,0.0,0.0,0.0,0.0
14414.81,0.23491241274074537,0.6,18300.0,37.0,0.2706499999997634,31.5,30.0,36.950000000000045,0.0,0.0,0.0,0.0,0.0,20.0,0.75,0.1,0.1,0.1,0.1,0.1,0.1,0.1,0.5,0.0,0.0,0.0,0.0,0.0,0.0,0.0,0.0,0.0,0.0,0.0,0.0,0.0,0.0,0.0,0.0
14474.85,0.24607999051111404,0.6,18300.0,37.0,0.28654999999976316,31.5,30.0625,36.89000000000004,0.0,0.0,0.0,0.0,0.0,20.0,0.75,0.1,0.1,0.1,0.1,0.1,0.1,0.1,0.5,0.0,0.0,0.0,0.0,0.0,0.0,0.0,0.0,0.0,0.0,0.0,0.0,0.0,0.0,0.0,0.0
14534.89,0.24003444913466943,0.6,18300.0,37.0,0.20704999999975932,31.6875,29.9375,37.190000000000055,0.0,0.0,0.0,0.0,0.0,20.0,0.75,0.1,0.1,0.1,0.1,0.1,0.1,0.1,0.5,0.0,0.0,0.0,0.0,0.0,0.0,0.0,0.0,0.0,0.0,0.0,0.0,0.0,0.0,0.0,0.0
14594.93,0.2452389654324697,0.6,18300.0,37.0,0.2717499999997707,31.4375,30.0,36.93000000000001,0.0,0.0,0.0,0.0,0.0,20.0,0.75,0.1,0.1,0.1,0.1,0.1,0.1,0.1,0.5,0.0,0.0,0.0,0.0,0.0,0.0,0.0,0.0,0.0,0.0,0.0,0.0,0.0,0.0,0.0,0.0
14655.01,0.2513514503603099,0.6,18300.0,37.0,0.24099999999976934,31.875,30.0,36.93000000000001,0.0,0.0,0.0,0.0,0.0,20.0,0.75,0.1,0.1,0.1,0.1,0.1,0.1,0.1,0.5,0.0,0.0,0.0,0.0,0.0,0.0,0.0,0.0,0.0,0.0,0.0,0.0,0.0,0.0,0.0,0.0
14715.08,0.2607832665455694,0.6,18300.0,37.0,0.2830999999997604,31.6875,30.125,36.85000000000002,0.0,0.0,0.0,0.0,0.0,20.0,0.75,0.1,0.1,0.1,0.1,0.1,0.1,0.1,0.5,0.0,0.0,0.0,0.0,0.0,0.0,0.0,0.0,0.0,0.0,0.0,0.0,0.0,0.0,0.0,0.0
14775.13,0.2678331037248878,0.6,18300.0,37.0,0.2495999999997633,31.5625,30.125,36.89000000000004,0.0,0.0,0.0,0.0,0.0,20.0,0.75,0.1,0.1,0.1,0.1,0.1,0.1,0.1,0.5,0.0,0.0,0.0,0.0,0.0,0.0,0.0,0.0,0.0,0.0,0.0,0.0,0.0,0.0,0.0,0.0
14835.21,0.2632869075942351,0.6,18300.0,37.0,0.27489999999976866,31.5,30.1875,36.85000000000002,0.0,0.0,0.0,0.0,0.0,20.0,0.75,0.1,0.1,0.1,0.1,0.1,0.1,0.1,0.5,0.0,0.0,0.0,0.0,0.0,0.0,0.0,0.0,0.0,0.0,0.0,0.0,0.0,0.0,0.0,0.0
14895.26,0.2860601343164825,0.6,18300.0,37.0,0.22929999999976663,31.5,30.0,36.690000000000055,0.0,0.0,0.0,0.0,0.0,20.0,0.75,0.1,0.1,0.1,0.1,0.1,0.1,0.1,0.5,0.0,0.0,0.0,0.0,0.0,0.0,0.0,0.0,0.0,0.0,0.0,0.0,0.0,0.0,0.0,0.0
14955.3,0.27641828729193796,0.6,18300.0,37.0,0.247199999999762,31.6875,30.125,36.950000000000045,0.0,0.0,0.0,0.0,0.0,20.0,0.75,0.1,0.1,0.1,0.1,0.1,0.1,0.1,0.5,0.0,0.0,0.0,0.0,0.0,0.0,0.0,0.0,0.0,0.0,0.0,0.0,0.0,0.0,0.0,0.0
15015.37,0.2894894352960747,0.6,18300.0,37.0,0.22869999999976548,31.75,30.0625,37.05000000000001,0.0,0.0,0.0,0.0,0.0,20.0,0.75,0.1,0.1,0.1,0.1,0.1,0.1,0.1,0.5,0.0,0.0,0.0,0.0,0.0,0.0,0.0,0.0,0.0,0.0,0.0,0.0,0.0,0.0,0.0,0.0
15075.43,0.2951828145121398,0.6,18300.0,37.0,0.26159999999976147,31.1875,30.0625,36.85000000000002,0.0,0.0,0.0,0.0,0.0,20.0,0.75,0.1,0.1,0.1,0.1,0.1,0.1,0.1,0.5,0.0,0.0,0.0,0.0,0.0,0.0,0.0,0.0,0.0,0.0,0.0,0.0,0.0,0.0,0.0,0.0
15135.5,0.30185880953048944,0.6,18300.0,37.0,0.2748999999997661,31.8125,30.0625,37.01000000000005,0.0,0.0,0.0,0.0,0.0,20.0,0.75,0.1,0.1,0.1,0.1,0.1,0.1,0.1,0.5,0.0,0.0,0.0,0.0,0.0,0.0,0.0,0.0,0.0,0.0,0.0,0.0,0.0,0.0,0.0,0.0
15195.56,0.2979204612177262,0.6,18300.0,37.0,0.27789999999976595,31.625,30.0,37.110000000000014,0.0,0.0,0.0,0.0,0.0,20.0,0.75,0.1,0.1,0.1,0.1,0.1,0.1,0.1,0.5,0.0,0.0,0.0,0.0,0.0,0.0,0.0,0.0,0.0,0.0,0.0,0.0,0.0,0.0,0.0,0.0
15255.61,0.30520651162375645,0.6,18300.0,37.0,0.23079999999976358,31.75,30.125,37.05000000000001,0.0,0.0,0.0,0.0,0.0,20.0,0.75,0.1,0.1,0.1,0.1,0.1,0.1,0.1,0.5,0.0,0.0,0.0,0.0,0.0,0.0,0.0,0.0,0.0,0.0,0.0,0.0,0.0,0.0,0.0,0.0
15315.65,0.31628725725326434,0.6,18300.0,37.0,0.27669999999976447,31.75,30.125,37.03000000000003,0.0,0.0,0.0,0.0,0.0,20.0,0.75,0.1,0.1,0.1,0.1,0.1,0.1,0.1,0.5,0.0,0.0,0.0,0.0,0.0,0.0,0.0,0.0,0.0,0.0,0.0,0.0,0.0,0.0,0.0,0.0
15375.71,0.32333046742902577,0.6,18300.0,37.0,0.2372999999997577,31.8125,30.0625,36.93000000000001,0.0,0.0,0.0,0.0,0.0,20.0,0.75,0.1,0.1,0.1,0.1,0.1,0.1,0.1,0.5,0.0,0.0,0.0,0.0,0.0,0.0,0.0,0.0,0.0,0.0,0.0,0.0,0.0,0.0,0.0,0.0
15435.76,0.32426891324999624,0.6,18300.0,37.0,0.19219999999975013,31.625,30.125,36.81,0.0,0.0,0.0,0.0,0.0,20.0,0.75,0.1,0.1,0.1,0.1,0.1,0.1,0.1,0.5,0.0,0.0,0.0,0.0,0.0,0.0,0.0,0.0,0.0,0.0,0.0,0.0,0.0,0.0,0.0,0.0
15495.81,0.33167859166342645,0.6,18300.0,37.0,0.2447999999997557,31.6875,30.0625,36.85000000000002,0.0,0.0,0.0,0.0,0.0,20.0,0.75,0.1,0.1,0.1,0.1,0.1,0.1,0.1,0.5,0.0,0.0,0.0,0.0,0.0,0.0,0.0,0.0,0.0,0.0,0.0,0.0,0.0,0.0,0.0,0.0
15555.85,0.3376228155539058,0.6,18300.0,37.0,0.25069999999975034,31.75,30.125,36.73000000000002,0.0,0.0,0.0,0.0,0.0,20.0,0.75,0.1,0.1,0.1,0.1,0.1,0.1,0.1,0.5,0.0,0.0,0.0,0.0,0.0,0.0,0.0,0.0,0.0,0.0,0.0,0.0,0.0,0.0,0.0,0.0
15615.93,0.34691685406884454,0.6,18300.0,37.0,0.24749999999975408,31.625,30.0625,36.870000000000005,0.0,0.0,0.0,0.0,0.0,20.0,0.75,0.1,0.1,0.1,0.1,0.1,0.1,0.1,0.5,0.0,0.0,0.0,0.0,0.0,0.0,0.0,0.0,0.0,0.0,0.0,0.0,0.0,0.0,0.0,0.0
15675.99,0.35253216240220997,0.6,18300.0,37.0,0.2674999999997492,31.8125,29.8125,36.89000000000004,0.0,0.0,0.0,0.0,0.0,20.0,0.75,0.1,0.1,0.1,0.1,0.1,0.1,0.1,0.5,0.0,0.0,0.0,0.0,0.0,0.0,0.0,0.0,0.0,0.0,0.0,0.0,0.0,0.0,0.0,0.0
15736.05,0.35891104600764867,0.6,18300.0,37.0,0.25049999999975214,31.375,29.8125,37.110000000000014,0.0,0.0,0.0,0.0,0.0,20.0,0.75,0.1,0.1,0.1,0.1,0.1,0.1,0.1,0.5,0.0,0.0,0.0,0.0,0.0,0.0,0.0,0.0,0.0,0.0,0.0,0.0,0.0,0.0,0.0,0.0
15796.11,0.36135237839594697,0.6,18300.0,37.0,0.24869999999975123,31.4375,30.0625,37.01000000000005,0.0,0.0,0.0,0.0,0.0,20.0,0.75,0.1,0.1,0.1,0.1,0.1,0.1,0.1,0.5,0.0,0.0,0.0,0.0,0.0,0.0,0.0,0.0,0.0,0.0,0.0,0.0,0.0,0.0,0.0,0.0
15856.18,0.37725262940279325,0.6,18300.0,37.0,0.24689999999975032,31.3125,29.9375,37.03000000000003,0.0,0.0,0.0,0.0,0.0,20.0,0.75,0.1,0.1,0.1,0.1,0.1,0.1,0.1,0.5,0.0,0.0,0.0,0.0,0.0,0.0,0.0,0.0,0.0,0.0,0.0,0.0,0.0,0.0,0.0,0.0
15916.25,0.37719803561087717,0.6,18300.0,37.0,0.28959999999975583,31.125,29.9375,37.05000000000001,0.0,0.0,0.0,0.0,0.0,20.0,0.75,0.1,0.1,0.1,0.1,0.1,0.1,0.1,0.5,0.0,0.0,0.0,0.0,0.0,0.0,0.0,0.0,0.0,0.0,0.0,0.0,0.0,0.0,0.0,0.0
15976.32,0.3891873116682929,0.6,18300.0,37.0,0.2913999999997551,31.125,30.0,36.870000000000005,0.0,0.0,0.0,0.0,0.0,20.0,0.75,0.1,0.1,0.1,0.1,0.1,0.1,0.1,0.5,0.0,0.0,0.0,0.0,0.0,0.0,0.0,0.0,0.0,0.0,0.0,0.0,0.0,0.0,0.0,0.0
16036.4,0.3922598365741813,0.6,18300.0,37.0,0.30879999999975516,31.125,30.0,37.03000000000003,0.0,0.0,0.0,0.0,0.0,20.0,0.75,0.1,0.1,0.1,0.1,0.1,0.1,0.1,0.5,0.0,0.0,0.0,0.0,0.0,0.0,0.0,0.0,0.0,0.0,0.0,0.0,0.0,0.0,0.0,0.0
16096.47,0.39953130417935734,0.6,18300.0,37.0,0.22489999999974108,31.5625,29.875,36.950000000000045,0.0,0.0,0.0,0.0,0.0,20.0,0.75,0.1,0.1,0.1,0.1,0.1,0.1,0.1,0.5,0.0,0.0,0.0,0.0,0.0,0.0,0.0,0.0,0.0,0.0,0.0,0.0,0.0,0.0,0.0,0.0
16156.53,0.40747185650027207,0.6,18300.0,37.0,0.2898999999997522,31.125,29.9375,36.81,0.0,0.0,0.0,0.0,0.0,20.0,0.75,0.1,0.1,0.1,0.1,0.1,0.1,0.1,0.5,0.0,0.0,0.0,0.0,0.0,0.0,0.0,0.0,0.0,0.0,0.0,0.0,0.0,0.0,0.0,0.0
16216.58,0.41121955580214975,0.6,18300.0,37.0,0.2445999999997499,31.375,29.625,36.870000000000005,0.0,0.0,0.0,0.0,0.0,20.0,0.75,0.1,0.1,0.1,0.1,0.1,0.1,0.1,0.5,0.0,0.0,0.0,0.0,0.0,0.0,0.0,0.0,0.0,0.0,0.0,0.0,0.0,0.0,0.0,0.0
16276.64,0.4196345521200845,0.6,18300.0,37.0,0.29229999999975087,31.125,29.75,37.05000000000001,0.0,0.0,0.0,0.0,0.0,20.0,0.75,0.1,0.1,0.1,0.1,0.1,0.1,0.1,0.5,0.0,0.0,0.0,0.0,0.0,0.0,0.0,0.0,0.0,0.0,0.0,0.0,0.0,0.0,0.0,0.0
16336.72,0.427330215900019,0.6,18300.0,37.0,0.2725999999997395,31.125,29.9375,36.93000000000001,0.0,0.0,0.0,0.0,0.0,20.0,0.75,0.1,0.1,0.1,0.1,0.1,0.1,0.1,0.5,0.0,0.0,0.0,0.0,0.0,0.0,0.0,0.0,0.0,0.0,0.0,0.0,0.0,0.0,0.0,0.0
16396.77,0.44081278517866,0.6,18300.0,37.0,0.25259999999974264,31.625,30.0,36.77000000000004,0.0,0.0,0.0,0.0,0.0,20.0,0.75,0.1,0.1,0.1,0.1,0.1,0.1,0.1,0.5,0.0,0.0,0.0,0.0,0.0,0.0,0.0,0.0,0.0,0.0,0.0,0.0,0.0,0.0,0.0,0.0
16456.84,0.4416602173875518,0.6,18300.0,37.0,0.2501999999997414,31.0625,29.9375,36.85000000000002,0.0,0.0,0.0,0.0,0.0,20.0,0.75,0.1,0.1,0.1,0.1,0.1,0.1,0.1,0.5,0.0,0.0,0.0,0.0,0.0,0.0,0.0,0.0,0.0,0.0,0.0,0.0,0.0,0.0,0.0,0.0
16516.89,0.45281133405078255,0.6,18300.0,37.0,0.29169999999974716,31.375,30.0625,36.79000000000002,0.0,0.0,0.0,0.0,0.0,20.0,0.75,0.1,0.1,0.1,0.1,0.1,0.1,0.1,0.5,0.0,0.0,0.0,0.0,0.0,0.0,0.0,0.0,0.0,0.0,0.0,0.0,0.0,0.0,0.0,0.0
16576.93,0.46145659716180243,0.6,18300.0,37.0,0.2887999999997365,31.25,30.0625,36.93000000000001,0.0,0.0,0.0,0.0,0.0,20.0,0.75,0.1,0.1,0.1,0.1,0.1,0.1,0.1,0.5,0.0,0.0,0.0,0.0,0.0,0.0,0.0,0.0,0.0,0.0,0.0,0.0,0.0,0.0,0.0,0.0
16637.01,0.46669110511871414,0.6,18300.0,37.0,0.27089999999973946,31.1875,30.0,36.97000000000003,0.0,0.0,0.0,0.0,0.0,20.0,0.75,0.1,0.1,0.1,0.1,0.1,0.1,0.1,0.5,0.0,0.0,0.0,0.0,0.0,0.0,0.0,0.0,0.0,0.0,0.0,0.0,0.0,0.0,0.0,0.0
16697.1,0.4731171759551094,0.6,18300.0,37.0,0.23379999999974221,31.0,30.0,36.89000000000004,0.0,0.0,0.0,0.0,0.0,20.0,0.75,0.1,0.1,0.1,0.1,0.1,0.1,0.1,0.5,0.0,0.0,0.0,0.0,0.0,0.0,0.0,0.0,0.0,0.0,0.0,0.0,0.0,0.0,0.0,0.0
16757.17,0.490159132012154,0.6,18300.0,37.0,0.25289999999973733,31.25,30.0,37.25000000000006,0.0,0.0,0.0,0.0,0.0,20.0,0.75,0.1,0.1,0.1,0.1,0.1,0.1,0.1,0.5,0.0,0.0,0.0,0.0,0.0,0.0,0.0,0.0,0.0,0.0,0.0,0.0,0.0,0.0,0.0,0.0
16817.24,0.49231521449195786,0.6,18300.0,37.0,0.2878999999997331,31.0,29.875,36.79000000000002,0.0,0.0,0.0,0.0,0.0,20.0,0.75,0.1,0.1,0.1,0.1,0.1,0.1,0.1,0.5,0.0,0.0,0.0,0.0,0.0,0.0,0.0,0.0,0.0,0.0,0.0,0.0,0.0,0.0,0.0,0.0
16877.28,0.5033399070263571,0.6,18300.0,37.0,0.2811999999997417,31.75,29.875,36.89000000000004,0.0,0.0,0.0,0.0,0.0,20.0,0.75,0.1,0.1,0.1,0.1,0.1,0.1,0.1,0.5,0.0,0.0,0.0,0.0,0.0,0.0,0.0,0.0,0.0,0.0,0.0,0.0,0.0,0.0,0.0,0.0
16937.33,0.5064461290426693,0.6,18300.0,37.0,0.1969999999997279,31.4375,29.9375,36.950000000000045,0.0,0.0,0.0,0.0,0.0,20.0,0.75,0.1,0.1,0.1,0.1,0.1,0.1,0.1,0.5,0.0,0.0,0.0,0.0,0.0,0.0,0.0,0.0,0.0,0.0,0.0,0.0,0.0,0.0,0.0,0.0
16997.37,0.5183165405397293,0.6,18300.0,37.0,0.26699999999973445,31.3125,29.875,36.97000000000003,0.0,0.0,0.0,0.0,0.0,20.0,0.75,0.1,0.1,0.1,0.1,0.1,0.1,0.1,0.5,0.0,0.0,0.0,0.0,0.0,0.0,0.0,0.0,0.0,0.0,0.0,0.0,0.0,0.0,0.0,0.0
17057.41,0.5363738442276609,0.6,18300.0,37.0,0.2563999999997282,31.375,29.875,36.81,0.0,0.0,0.0,0.0,0.0,20.0,0.75,0.1,0.1,0.1,0.1,0.1,0.1,0.1,0.5,0.0,0.0,0.0,0.0,0.0,0.0,0.0,0.0,0.0,0.0,0.0,0.0,0.0,0.0,0.0,0.0
17117.46,0.5416539981959652,0.6,18300.0,37.0,0.27909999999973767,31.3125,29.9375,37.09000000000003,0.0,0.0,0.0,0.0,0.0,20.0,0.75,0.1,0.1,0.1,0.1,0.1,0.1,0.1,0.5,0.0,0.0,0.0,0.0,0.0,0.0,0.0,0.0,0.0,0.0,0.0,0.0,0.0,0.0,0.0,0.0
17177.52,0.5504572266242915,0.6,18300.0,37.0,0.25819999999972654,31.625,29.9375,37.01000000000005,0.0,0.0,0.0,0.0,0.0,20.0,0.75,0.1,0.1,0.1,0.1,0.1,0.1,0.1,0.5,0.0,0.0,0.0,0.0,0.0,0.0,0.0,0.0,0.0,0.0,0.0,0.0,0.0,0.0,0.0,0.0
17237.57,0.5536412107637314,0.6,18300.0,37.0,0.3002999999997317,31.375,29.875,36.93000000000001,0.0,0.0,0.0,0.0,0.0,20.0,0.75,0.1,0.1,0.1,0.1,0.1,0.1,0.1,0.5,0.0,0.0,0.0,0.0,0.0,0.0,0.0,0.0,0.0,0.0,0.0,0.0,0.0,0.0,0.0,0.0
17297.64,0.5649657547523511,0.6,18300.0,37.0,0.19699999999972195,31.375,30.0,36.93000000000001,0.0,0.0,0.0,0.0,0.0,20.0,0.75,0.1,0.1,0.1,0.1,0.1,0.1,0.1,0.5,0.0,0.0,0.0,0.0,0.0,0.0,0.0,0.0,0.0,0.0,0.0,0.0,0.0,0.0,0.0,0.0
17357.71,0.5762502896467774,0.6,18300.0,37.0,0.25019999999972786,31.125,30.0,36.73000000000002,0.0,0.0,0.0,0.0,0.0,20.0,0.75,0.1,0.1,0.1,0.1,0.1,0.1,0.1,0.5,0.0,0.0,0.0,0.0,0.0,0.0,0.0,0.0,0.0,0.0,0.0,0.0,0.0,0.0,0.0,0.0
17417.79,0.5891202664082175,0.6,18300.0,37.0,0.21429999999973043,31.5,30.0,36.79000000000002,0.0,0.0,0.0,0.0,0.0,20.0,0.75,0.1,0.1,0.1,0.1,0.1,0.1,0.1,0.5,0.0,0.0,0.0,0.0,0.0,0.0,0.0,0.0,0.0,0.0,0.0,0.0,0.0,0.0,0.0,0.0
17477.83,0.5964627120305072,0.6,18300.0,37.0,0.263999999999727,31.625,30.0,36.870000000000005,0.0,0.0,0.0,0.0,0.0,20.0,0.75,0.1,0.1,0.1,0.1,0.1,0.1,0.1,0.5,0.0,0.0,0.0,0.0,0.0,0.0,0.0,0.0,0.0,0.0,0.0,0.0,0.0,0.0,0.0,0.0
17537.86,0.6122097223811362,0.6,18300.0,37.0,0.25019999999972536,31.1875,30.0,37.05000000000001,0.0,0.0,0.0,0.0,0.0,20.0,0.75,0.1,0.1,0.1,0.1,0.1,0.1,0.1,0.5,0.0,0.0,0.0,0.0,0.0,0.0,0.0,0.0,0.0,0.0,0.0,0.0,0.0,0.0,0.0,0.0
17597.93,0.6183066126050096,0.6,18300.0,37.0,0.2866999999997206,31.0,29.8125,36.77000000000004,0.0,0.0,0.0,0.0,0.0,20.0,0.75,0.1,0.1,0.1,0.1,0.1,0.1,0.1,0.5,0.0,0.0,0.0,0.0,0.0,0.0,0.0,0.0,0.0,0.0,0.0,0.0,0.0,0.0,0.0,0.0
17657.98,0.6329732180915194,0.6,18300.0,37.0,0.38174535532919873,31.125,29.8125,36.63000000000005,0.0,0.0014196028062769097,0.07567841122510764,0.0,0.0,20.0,0.75,0.1,0.1,0.1,0.1,0.1,0.1,0.1,0.5,0.0,0.0,0.0,0.0,0.0,0.0,0.0,0.0,0.0,0.0,0.0,0.0,0.0,0.0,0.0,0.0
17718.04,0.6431565621657543,0.6,18300.0,37.0,0.3701909058770595,31.1875,29.8125,37.09000000000003,0.0,0.007098091700575116,0.25,0.0,0.0,20.0,0.75,0.1,0.1,0.1,0.1,0.1,0.1,0.1,0.5,0.0,0.0,0.0,0.0,0.0,0.0,0.0,0.0,0.0,0.0,0.0,0.0,0.0,0.0,0.0,0.0
